Rank,Name,Platform,Year,Genre,Publisher,NA_Sales,EU_Sales,JP_Sales,Other_Sales,Global_Sales
7442,Tales of Phantasia: Narikiri Dungeon X,PSP,2010,Role-Playing,Namco Bandai Games,0.0,0.0,0.21,0.0,0.21
14546,Royal Palace of White Sword and The City of Gentiles,PC,2009,Role-Playing,Take-Two Interactive,0.0,0.02,0.0,0.01,0.03
7951,Call of Duty: World at War,PC,2008,Shooter,Activision,0.02,0.13,0.0,0.03,0.19
10992,I Love Puppies,DS,2010,Simulation,Destineer,0.09,0.0,0.0,0.01,0.09
14841,World War II Combat: Road To Berlin,XB,2006,Shooter,Groove Games,0.02,0.01,0.0,0.0,0.03
6968,Big Beach Sports 2,Wii,N/A,Sports,THQ,0.09,0.12,0.0,0.03,0.23
7838,Naruto: Ninja Destiny,DS,2006,Fighting,Namco Bandai Games,0.02,0.01,0.16,0.0,0.19
2156,Dragon Quest X,Wii,2012,Role-Playing,Square Enix,0.0,0.0,0.96,0.0,0.96
14800,Clannad: Mitsumi Mamoru Sakamichi de - Gekan,PSP,2010,Adventure,Prototype,0.0,0.0,0.03,0.0,0.03
14654,Nisenochigiri: Omoide no Saki e,PSP,2011,Adventure,Idea Factory,0.0,0.0,0.03,0.0,0.03
11438,Worms: A Space Oddity,Wii,2008,Strategy,THQ,0.06,0.02,0.0,0.01,0.08
12086,Samurai Shodown,NG,1993,Fighting,SNK,0.0,0.0,0.07,0.0,0.07
738,Wario Land 3,GB,2000,Platform,Nintendo,1.11,0.51,0.34,0.23,2.2
5017,Forza Horizon 3,XOne,2016,Racing,Microsoft Game Studios,0.15,0.2,0.0,0.03,0.38
4173,Victorious Boxers: Ippo's Road to Glory,PS2,2000,Fighting,Empire Interactive,0.05,0.04,0.38,0.01,0.47
15190,Quiz Present Variety Q-Sama!! DS: Pressure Study x Atama Gai Kunaru Drill SP,DS,2011,Misc,Plenty,0.0,0.0,0.02,0.0,0.02
13767,Sega Ages 2500 Series Vol. 33: Fantasy Zone Complete Collection,PS2,2008,Shooter,Sega,0.0,0.0,0.04,0.0,0.04
14918,MAPLUS: Portable Navi 3,PSP,2009,Misc,Edia,0.0,0.0,0.02,0.0,0.02
562,Yokai Watch 2 Shinuchi,3DS,2014,Role-Playing,Level 5,0.0,0.0,2.68,0.0,2.68
3860,Freedom Fighters,PS2,2003,Shooter,Electronic Arts,0.25,0.2,0.0,0.07,0.52
3979,Dance Dance Revolution Universe 2,X360,2007,Simulation,Konami Digital Entertainment,0.46,0.01,0.0,0.04,0.5
16578,Neo Angelique Special,PSP,2008,Adventure,Tecmo Koei,0.0,0.0,0.01,0.0,0.01
3993,The Adventures of Jimmy Neutron Boy Genius: Attack of the Twonkies,PS2,2004,Action,THQ,0.24,0.19,0.0,0.06,0.5
15348,Casper's Scare School: Spooky Sports Day,Wii,2009,Sports,Blast! Entertainment Ltd,0.02,0.0,0.0,0.0,0.02
9084,The Legend of Heroes II: Prophecy of the Moonlight Witch,PSP,2004,Role-Playing,Namco Bandai Games,0.03,0.0,0.11,0.0,0.14
6834,Singularity,PS3,N/A,Shooter,Unknown,0.17,0.04,0.01,0.03,0.24
2604,Final Fantasy Tactics A2: Grimoire of the Rift,DS,2007,Role-Playing,Square Enix,0.42,0.03,0.3,0.04,0.79
13648,Guilty Gear XX Accent Core,Wii,2007,Fighting,505 Games,0.03,0.0,0.0,0.0,0.04
10817,NASCAR,PSP,2006,Racing,Electronic Arts,0.09,0.0,0.0,0.01,0.1
8750,Knockout Kings 2003,GC,2002,Sports,Electronic Arts,0.12,0.03,0.0,0.0,0.15
13788,Deadliest Warrior: Ancient Combat,PS3,2012,Fighting,Cloud Imperium Games Corporation,0.04,0.0,0.0,0.0,0.04
15105,Harukanaru Toki no Naka de 3 with Izayoiki Aizouban,PSP,2009,Adventure,Tecmo Koei,0.0,0.0,0.02,0.0,0.02
13554,Get Up and Dance,PS3,2011,Misc,O-Games,0.03,0.01,0.0,0.0,0.04
9775,Lovely Lisa,DS,2007,Simulation,DHM Interactive,0.11,0.0,0.0,0.01,0.12
16045,Wizardry XTH: Unlimited Students,PS2,2006,Role-Playing,Michaelsoft,0.0,0.0,0.01,0.0,0.01
2417,The Lord of the Rings: War in the North,PS3,N/A,Action,Warner Bros. Interactive Entertainment,0.25,0.45,0.01,0.15,0.86
4988,Bakusou Dekotora Densetsu: Otoko Ippiki Yume Kaidoi,PS,1998,Racing,Human Entertainment,0.0,0.0,0.36,0.03,0.38
1056,Super Puyo Puyo,SNES,1993,Puzzle,Banpresto,0.0,0.0,1.69,0.01,1.7
2628,PokePark 2: Wonders Beyond,Wii,2011,Action,Nintendo,0.27,0.2,0.27,0.05,0.79
8592,Buck Bumble,N64,1998,Action,Ubisoft,0.13,0.03,0.0,0.0,0.16
1027,SSX Tricky,PS2,2001,Sports,Electronic Arts,0.85,0.66,0.0,0.22,1.73
10703,Nancy Drew: The Model Mysteries,DS,2010,Puzzle,THQ,0.09,0.0,0.0,0.01,0.1
14984,Star Trek Online,PC,2010,Role-Playing,Atari,0.0,0.02,0.0,0.0,0.02
8693,Battlestar Galactica,PS2,2003,Shooter,Vivendi Games,0.08,0.06,0.0,0.02,0.16
629,Midnight Club: Los Angeles,PS3,2008,Racing,Take-Two Interactive,1.55,0.54,0.05,0.31,2.45
13078,Tabi no Yubisashi Kaiwachou DS: DS Series 2 Chuugoku,DS,2006,Misc,Nintendo,0.0,0.0,0.05,0.0,0.05
3814,J-League Soccer: Prime Goal 2,SNES,1994,Sports,Namco Bandai Games,0.0,0.0,0.53,0.0,0.53
5132,Command & Conquer: Red Alert 3 Ultimate Edition,PS3,2009,Strategy,Electronic Arts,0.14,0.17,0.0,0.06,0.37
3402,Rock Band 2,PS2,2008,Misc,MTV Games,0.29,0.23,0.0,0.08,0.59
1465,Command & Conquer: Red Alert 2,PC,2000,Strategy,Electronic Arts,1.32,0.02,0.0,0.0,1.34
11768,Jimmie Johnson's Anything With an Engine,PS3,2011,Racing,Konami Digital Entertainment,0.07,0.0,0.0,0.01,0.07
12849,Princess on Ice,DS,2008,Sports,505 Games,0.04,0.01,0.0,0.0,0.05
10129,Funky Barn,3DS,2012,Simulation,Ubisoft,0.07,0.03,0.0,0.01,0.11
5110,"Monsters, Inc. Scream Arena",GC,2002,Platform,THQ,0.29,0.07,0.0,0.01,0.37
8846,Terraria,PC,2011,Action,Unknown,0.0,0.13,0.0,0.02,0.15
9602,Ice Age: Dawn of the Dinosaurs,X360,2009,Action,Activision,0.09,0.03,0.0,0.01,0.13
9149,SingStar Vol. 3,PS3,2008,Misc,Sony Computer Entertainment,0.0,0.11,0.0,0.03,0.14
10381,"Grand Theft Auto: Mission Pack #1, London 1969",PS,1998,Adventure,Take-Two Interactive,0.06,0.04,0.0,0.01,0.11
1829,Yoshi's Cookie,NES,1992,Puzzle,Nintendo,0.41,0.06,0.63,0.02,1.12
15598,Red Ninja: End of Honor,XB,2005,Action,Vivendi Games,0.01,0.0,0.0,0.0,0.02
11661,"Ni Hao, Kai-lan: Super Game Day",PS2,2009,Misc,Take-Two Interactive,0.04,0.03,0.0,0.01,0.08
8065,LEGO Marvel's Avengers,3DS,2016,Action,Warner Bros. Interactive Entertainment,0.07,0.08,0.01,0.01,0.18
3174,LEGO Dimensions,PS4,2015,Action,Warner Bros. Interactive Entertainment,0.22,0.32,0.0,0.1,0.64
8506,The Amazing Spider-Man (Console Version),Wii,2012,Action,Activision,0.11,0.04,0.0,0.01,0.16
10345,Tournament Pool,Wii,2009,Sports,Destineer,0.1,0.0,0.0,0.01,0.11
9576,Sengoku Basara 3 Utage,Wii,2011,Action,Capcom,0.0,0.0,0.13,0.0,0.13
3434,Harvest Moon: Friends of Mineral Town,GBA,2003,Simulation,Ubisoft,0.34,0.13,0.11,0.01,0.59
16519,DJ Max Technika Tune,PSV,2012,Misc,CyberFront,0.0,0.0,0.01,0.0,0.01
2564,MadWorld,Wii,2009,Action,Sega,0.46,0.25,0.02,0.07,0.8
1497,Madden NFL 97,PS,1996,Sports,Electronic Arts,0.73,0.5,0.0,0.09,1.32
6938,God Eater 2,PSP,2013,Role-Playing,Namco Bandai Games,0.0,0.0,0.24,0.0,0.24
16491,Bomberman,Wii,2008,Puzzle,Hudson Entertainment,0.0,0.0,0.01,0.0,0.01
14536,Atomic Betty,GBA,2005,Puzzle,Atari,0.02,0.01,0.0,0.0,0.03
14990,Ty the Tasmanian Tiger 3: Night of the Quinkan,XB,2005,Action,Zoo Digital Publishing,0.02,0.01,0.0,0.0,0.02
3487,Fire Emblem: Seisen no Keifu,SNES,1996,Strategy,Nintendo,0.0,0.0,0.58,0.0,0.58
3489,Disgaea 4: A Promise Unforgotten,PS3,2011,Role-Playing,Nippon Ichi Software,0.27,0.11,0.14,0.06,0.58
13847,Haikyu!! Cross Team Match!,3DS,2016,Adventure,Namco Bandai Games,0.0,0.0,0.04,0.0,0.04
15131,Interactive Storybook DS Series 3,DS,2007,Misc,Tommo,0.02,0.0,0.0,0.0,0.02
5912,Spider-Man: Friend or Foe,X360,2007,Action,Activision,0.26,0.02,0.0,0.02,0.3
13870,Nobunaga's Ambition: Sphere of Influence - Sengoku Risshiden,PSV,2016,Misc,Tecmo Koei,0.0,0.0,0.04,0.0,0.04
13848,NHL Blades of Steel 2000,PS,1999,Sports,Konami Digital Entertainment,0.02,0.01,0.0,0.0,0.04
1777,Donkey Konga,GC,2003,Misc,Nintendo,0.5,0.16,0.46,0.03,1.15
8932,Rayman Raving Rabbids,DS,2007,Misc,Ubisoft,0.13,0.01,0.0,0.01,0.15
4872,Scooby-Doo! and the Spooky Swamp,DS,2010,Action,Warner Bros. Interactive Entertainment,0.26,0.1,0.0,0.03,0.4
6414,Jade Cocoon: Story of the Tamamayu,PS,1998,Role-Playing,Crave Entertainment,0.15,0.1,0.0,0.02,0.27
2935,Metal Gear Solid V: The Phantom Pain,PS3,2015,Action,Konami Digital Entertainment,0.21,0.18,0.22,0.08,0.7
7853,Need for Speed: Shift 2 Unleashed,PC,2011,Racing,Electronic Arts,0.05,0.11,0.0,0.03,0.19
13391,Rugby World Cup 2015,X360,2015,Sports,Ubisoft,0.0,0.04,0.0,0.0,0.05
4525,2010 FIFA World Cup South Africa,Wii,2010,Sports,Electronic Arts,0.23,0.15,0.01,0.04,0.43
2247,Top Gun: Combat Zones,PS2,2001,Simulation,Titus,0.45,0.35,0.0,0.12,0.92
2410,SingStar '90s,PS2,2007,Misc,Sony Computer Entertainment,0.1,0.59,0.0,0.18,0.87
655,Monopoly,PC,1994,Misc,Hasbro Interactive,1.49,0.81,0.0,0.1,2.39
11931,Haunting Ground,PS2,2005,Action,Capcom,0.03,0.03,0.0,0.01,0.07
11564,Final Fantasy XI: Vana'diel Collection 2008,PS2,2007,Role-Playing,Square Enix,0.03,0.03,0.01,0.01,0.08
1961,Spider-Man 2,GBA,2004,Action,Activision,0.76,0.28,0.0,0.02,1.06
9736,Gotouchi Tetsudou: Gotouchi Chara to Nihon Zenkoku no Tabi,3DS,2014,Misc,Namco Bandai Games,0.0,0.0,0.12,0.0,0.12
15223,Geon Cube,Wii,2009,Puzzle,P2 Games,0.02,0.0,0.0,0.0,0.02
2941,Disney's Chicken Little,GBA,2005,Platform,Disney Interactive Studios,0.5,0.18,0.0,0.01,0.7
7747,Dragon Ball Z: Idainaru Dragon Ball Densetsu,PS,1996,Fighting,Namco Bandai Games,0.0,0.0,0.18,0.01,0.19
2975,Kirby's Dream Collection: Special Edition,Wii,2012,Action,Nintendo,0.34,0.0,0.33,0.02,0.68
8004,Pure Futbol,X360,2010,Sports,Ubisoft,0.08,0.09,0.0,0.02,0.18
422,Baseball,NES,1983,Sports,Nintendo,0.73,0.1,2.35,0.02,3.2
8509,Doctor Lautrec and the Forgotten Knights,3DS,2011,Adventure,Konami Digital Entertainment,0.07,0.05,0.03,0.01,0.16
15866,Gaist Crusher God,3DS,2014,Action,Capcom,0.0,0.0,0.02,0.0,0.02
9636,Crash Tag Team Racing,XB,2005,Racing,Vivendi Games,0.09,0.03,0.0,0.0,0.13
5315,The Fairly Odd Parents: Shadow Showdown,PS2,2004,Platform,THQ,0.17,0.13,0.0,0.04,0.35
295,Tekken Tag Tournament,PS2,2000,Fighting,Namco Bandai Games,1.68,1.51,0.51,0.35,4.05
6097,Links 2004,XB,2003,Sports,Microsoft Game Studios,0.21,0.06,0.0,0.01,0.29
15952,Pachinko Kaou: Misora Hibari,PS2,2007,Misc,Hackberry,0.0,0.0,0.02,0.0,0.02
12695,Ride to Hell,X360,2013,Racing,Deep Silver,0.04,0.01,0.0,0.0,0.06
3700,System 3 presents Ferrari Challenge Trofeo Pirelli,Wii,2008,Racing,System 3 Arcade Software,0.07,0.4,0.0,0.07,0.54
4803,Congo Bongo,2600,1982,Action,Sega,0.37,0.02,0.0,0.0,0.4
14121,Asterix & Obelix: Kick Buttix,PS2,2004,Action,Atari,0.02,0.01,0.0,0.0,0.03
10396,Earth Defense Force 2: Invaders from Planet Space,PSV,2014,Action,Xseed Games,0.04,0.01,0.04,0.02,0.11
2813,NCAA Football 07,X360,2006,Sports,Electronic Arts,0.67,0.0,0.0,0.06,0.73
1814,Alien: Isolation,PS4,2014,Shooter,Sega,0.34,0.56,0.04,0.19,1.13
1411,Gardening Mama,DS,2009,Puzzle,505 Games,0.8,0.43,0.01,0.13,1.38
12608,Crazy Chicken: Pharaoh's Treasure,DS,2007,Puzzle,Phenomedia,0.05,0.0,0.0,0.0,0.06
10749,Famicom Mini: Mappy,GBA,2004,Platform,Nintendo,0.0,0.0,0.09,0.0,0.1
12199,Fairy Fencer F: Advent Dark Force,PS4,2015,Role-Playing,Idea Factory International,0.02,0.0,0.05,0.0,0.07
10743,Zoo Tycoon (2013),X360,2013,Simulation,Microsoft Game Studios,0.02,0.07,0.0,0.01,0.1
13832,BlazBlue: Chrono Phantasma Extend,PS3,2015,Action,PQube,0.0,0.0,0.04,0.0,0.04
5030,Elite Beat Agents,DS,2006,Misc,Nintendo,0.31,0.03,0.0,0.03,0.38
14290,Nobunaga no Yabou: Kakushin with Power-Up Kit,PS2,2008,Strategy,Tecmo Koei,0.0,0.0,0.03,0.0,0.03
5956,Scooby-Doo! Night of 100 Frights,GC,2002,Platform,THQ,0.23,0.06,0.0,0.01,0.3
942,Gran Turismo Concept 2001 Tokyo,PS2,2001,Racing,Unknown,0.0,1.1,0.42,0.33,1.84
6388,Alundra 2: A New Legend Begins,PS,1999,Role-Playing,Activision,0.15,0.1,0.0,0.02,0.27
12240,Port Royale 3,X360,N/A,Simulation,Kalypso Media,0.06,0.0,0.0,0.0,0.07
12635,Killing Zone,PS,1996,Fighting,Acclaim Entertainment,0.03,0.02,0.0,0.0,0.06
11482,Tony Hawk's Pro Skater 3,N64,2002,Sports,Activision,0.06,0.02,0.0,0.0,0.08
15137,Homeworld,PC,1998,Strategy,Vivendi Games,0.0,0.02,0.0,0.0,0.02
6669,Midway's Greatest Arcade Hits,GBA,2001,Misc,Midway Games,0.18,0.07,0.0,0.0,0.25
10114,Samurai Warriors 4-II,PS4,2015,Action,Tecmo Koei,0.03,0.02,0.06,0.01,0.11
9686,Godzilla Unleashed: Double Smash,DS,2007,Action,Atari,0.11,0.0,0.0,0.01,0.12
13756,Super Black Bass Fishing,DS,2005,Sports,Majesco Entertainment,0.04,0.0,0.0,0.0,0.04
6194,Mega Man 7,SNES,1995,Platform,Laguna,0.03,0.01,0.23,0.01,0.28
284,FIFA Soccer 07,PS2,2006,Sports,Electronic Arts,0.71,2.48,0.03,0.89,4.11
1467,WWE SmackDown vs Raw 2008,PS3,2007,Fighting,THQ,0.62,0.5,0.01,0.21,1.33
2757,MVP 06 NCAA Baseball,PS2,2006,Sports,Electronic Arts,0.62,0.02,0.0,0.1,0.75
15489,Virtual Kasparov,GBA,2002,Strategy,Titus,0.01,0.01,0.0,0.0,0.02
12863,Virtual Villagers: A New Home,DS,2010,Simulation,PQube,0.04,0.01,0.0,0.0,0.05
1907,Joust,2600,1982,Platform,Atari,1.01,0.06,0.0,0.01,1.08
3737,How to Train Your Dragon,DS,2010,Action,Activision,0.32,0.17,0.0,0.05,0.54
12846,Olympic Soccer: Atlanta 1996,PS,1996,Sports,U.S. Gold,0.03,0.02,0.0,0.0,0.05
11015,Space Chimps,Wii,2008,Platform,Brash Entertainment,0.08,0.0,0.0,0.01,0.09
15055,NASCAR Heat Evolution,XOne,2016,Racing,Dusenberry Martin Racing,0.02,0.0,0.0,0.0,0.02
1100,Heavenly Sword,PS3,2007,Action,Sony Computer Entertainment,0.57,0.73,0.06,0.3,1.66
55,Gran Turismo 5,PS3,2010,Racing,Sony Computer Entertainment,2.96,4.88,0.81,2.12,10.77
9704,Guilty Gear X,PS2,2001,Fighting,Sammy Corporation,0.06,0.05,0.0,0.02,0.12
12424,Shonen Jump's One Piece: Grand Battle,GC,2005,Fighting,Namco Bandai Games,0.05,0.01,0.0,0.0,0.06
4796,Medarot: Kabuto / Kuwagata Version,GB,1997,Role-Playing,Imagineer,0.0,0.0,0.4,0.0,0.4
8406,Densetsu no Stafi 4,DS,2006,Platform,Nintendo,0.0,0.0,0.17,0.0,0.17
12967,Kamen Rider: Dragon Knight,DS,2009,Fighting,D3Publisher,0.05,0.0,0.0,0.0,0.05
13625,Port Royale 2,PC,2004,Strategy,Ascaron Entertainment GmbH,0.0,0.03,0.0,0.01,0.04
4871,Call of Duty: Finest Hour,GC,2004,Shooter,Activision,0.31,0.08,0.0,0.01,0.4
10222,Top Gear Rally 2,N64,1999,Racing,Kemco,0.09,0.02,0.0,0.0,0.11
16229,Victory Spike,PS,1996,Sports,Imagineer,0.0,0.0,0.01,0.0,0.01
9878,Akuji the Heartless,PS,1998,Platform,Eidos Interactive,0.07,0.04,0.0,0.01,0.12
15502,ESPN MLS ExtraTime 2002,XB,2002,Sports,Konami Digital Entertainment,0.01,0.0,0.0,0.0,0.02
15726,Digimon Rumble Arena,PS,2001,Fighting,Namco Bandai Games,0.01,0.01,0.0,0.0,0.02
1664,Shrek / Shrek 2 2-in-1 Gameboy Advance Video,GBA,2007,Misc,N/A,0.87,0.32,0.0,0.02,1.21
5703,Fuel,X360,2009,Racing,Codemasters,0.09,0.19,0.0,0.04,0.31
4621,Ghost Trick: Phantom Detective,DS,2010,Adventure,Capcom,0.2,0.08,0.12,0.03,0.42
11646,Infernal: Hell's Vengeance,X360,2009,Shooter,Playlogic Game Factory,0.06,0.01,0.0,0.01,0.08
4657,Star Wars The Clone Wars: Republic Heroes,PSP,2009,Action,LucasArts,0.21,0.13,0.0,0.08,0.42
10619,Codename: Kids Next Door: Operation V.I.D.E.O.G.A.M.E.,PS2,2005,Platform,Global Star,0.05,0.04,0.0,0.01,0.1
14118,RedCard 20-03,XB,2002,Sports,Midway Games,0.03,0.01,0.0,0.0,0.03
14113,Travel Coach: Europe 1,DS,2008,Misc,HMH Interactive,0.0,0.03,0.0,0.0,0.03
10934,Let's Ride! Silver Buckle Stables,PS2,2006,Sports,THQ,0.05,0.04,0.0,0.01,0.09
7237,NBA Jam Extreme,PS,1996,Sports,Acclaim Entertainment,0.12,0.08,0.0,0.01,0.22
10786,Ar tonelico: Melody of Elemia,PS2,2006,Role-Playing,505 Games,0.0,0.0,0.1,0.0,0.1
16118,Brain Exercise With Dr. Kawashima,PC,2009,Puzzle,Namco Bandai Games,0.0,0.01,0.0,0.0,0.01
2027,Bulletstorm,X360,2011,Shooter,Electronic Arts,0.61,0.32,0.01,0.08,1.02
9252,Far Cry: Primal,PC,2016,Action,Ubisoft,0.04,0.09,0.0,0.01,0.14
13343,SD Gundam G Generation World,Wii,2011,Strategy,Namco Bandai Games,0.0,0.0,0.05,0.0,0.05
8133,The Game of Life / Yahtzee / Payday,GBA,2005,Misc,Zoo Digital Publishing,0.13,0.05,0.0,0.0,0.18
4519,Barnstorming,2600,1981,Action,Activision,0.4,0.02,0.0,0.0,0.43
15203,Indigo Prophecy,PC,2005,Adventure,Atari,0.0,0.02,0.0,0.0,0.02
7313,Lords of the Fallen,XOne,2014,Role-Playing,Square Enix,0.1,0.1,0.0,0.02,0.22
1215,Tom Clancy's Ghost Recon Advanced Warfighter,X360,2006,Shooter,Ubisoft,1.4,0.02,0.02,0.1,1.54
14239,Safari Adventures: Africa,Wii,2007,Adventure,Neko Entertainment,0.03,0.0,0.0,0.0,0.03
15980,Lotus Challenge,GC,2004,Racing,Ignition Entertainment,0.01,0.0,0.0,0.0,0.02
7134,Petz Monkeyz House,DS,2008,Simulation,Ubisoft,0.2,0.0,0.0,0.02,0.23
7344,WCW Backstage Assault,PS,1999,Action,Electronic Arts,0.12,0.08,0.0,0.01,0.21
16128,Tantei Jinguuji Saburo DS: Fuserareta Shinjitsu,DS,2009,Adventure,Arc System Works,0.0,0.0,0.01,0.0,0.01
12560,Carol Vorderman's Sudoku,PSP,2006,Puzzle,Xplosiv,0.05,0.0,0.0,0.01,0.06
8315,Backbreaker,PS3,N/A,Sports,Unknown,0.16,0.0,0.0,0.01,0.17
9187,Frank Thomas Big Hurt Baseball,PS,1996,Sports,Acclaim Entertainment,0.08,0.05,0.0,0.01,0.14
13965,Hisshou Pachinko*Pachi-Slot Kouryaku Series DS Vol. 5: Shinseiki Evangelion - Tamashii no Kiseki,DS,2010,Misc,D3Publisher,0.0,0.0,0.04,0.0,0.04
7321,The Dukes of Hazzard: Return of the General Lee,PS2,2004,Racing,Ubisoft,0.11,0.08,0.0,0.03,0.21
11033,Karaoke Joysound Wii Super DX: Hitori de Minna de Utai Houdai!,Wii,2010,Misc,Hudson Soft,0.0,0.0,0.09,0.0,0.09
4620,Jikkyou Powerful Pro Yakyuu 11,PS2,2004,Sports,Konami Digital Entertainment,0.0,0.0,0.42,0.0,0.42
16438,Getsuei Gakuen: kou,PSV,2013,Adventure,Arc System Works,0.0,0.0,0.01,0.0,0.01
13818,Headhunter: Redemption,PS2,2004,Action,Sega,0.02,0.01,0.0,0.0,0.04
3169,Gravity Rush,PSV,2012,Action,Sony Computer Entertainment,0.26,0.2,0.09,0.1,0.64
15088,Wrestle Kingdom 2: Pro Wrestling Sekai Taisen,PS2,2007,Fighting,Yuke's,0.0,0.0,0.02,0.0,0.02
11680,The Lord of the Rings: The Battle for Middle-Earth,PC,2004,Strategy,Electronic Arts,0.01,0.06,0.0,0.01,0.08
16518,Knights in the Nightmare: DHE Series Special Pack,DS,2008,Role-Playing,Sting,0.0,0.0,0.01,0.0,0.01
3132,Meccha! Taiko no Tatsujin Master DS: 7-tsu no Shima no Daibouken,DS,2008,Misc,Namco Bandai Games,0.0,0.0,0.65,0.0,0.65
9951,Teenage Mutant Ninja Turtles 3: Mutant Nightmare,GC,2005,Action,Konami Digital Entertainment,0.09,0.02,0.0,0.0,0.12
12422,Higurashi Daybreak Portable,PSP,2008,Adventure,Alchemist,0.0,0.0,0.06,0.0,0.06
10463,Metal Arms: Glitch in the System,GC,2003,Shooter,Vivendi Games,0.08,0.02,0.0,0.0,0.1
12370,The Amazing Spider-Man 2 (2014),3DS,2014,Action,Activision,0.03,0.03,0.0,0.0,0.06
1083,Metroid Fusion,GBA,2002,Action,Nintendo,1.18,0.27,0.17,0.06,1.68
11901,Monster Racers,DS,2009,Racing,Tecmo Koei,0.05,0.0,0.02,0.0,0.07
12456,Disney's Kim Possible: Global Gemini,DS,2007,Platform,Disney Interactive Studios,0.05,0.01,0.0,0.0,0.06
8334,Bratz Kidz,Wii,2008,Misc,Game Factory,0.16,0.0,0.0,0.01,0.17
4544,Mobile Suit Gundam: Zeonic Front,PS2,2001,Simulation,Namco Bandai Games,0.09,0.07,0.25,0.02,0.43
2943,WWE 2K15,X360,2014,Sports,Take-Two Interactive,0.38,0.26,0.0,0.06,0.69
165,Super Mario World,GBA,2001,Platform,Nintendo,3.21,1.11,0.95,0.2,5.46
2795,The Sims 2: Castaway,DS,2007,Simulation,Electronic Arts,0.63,0.05,0.0,0.06,0.73
10572,RLH: Run Like Hell,PS2,2002,Shooter,Virgin Interactive,0.05,0.04,0.0,0.01,0.1
1891,Skylanders Giants,PS3,2012,Action,Activision,0.35,0.52,0.0,0.22,1.09
2179,South Park: The Stick of Truth,X360,2014,Role-Playing,Ubisoft,0.57,0.3,0.0,0.08,0.95
3718,Action Force,2600,1982,Action,CPG Products,0.5,0.03,0.0,0.01,0.54
7634,Tony Hawk's Pro Skater 5,PS4,2015,Sports,Activision,0.09,0.08,0.0,0.03,0.2
9955,Rango: The Video Game,DS,2011,Action,Electronic Arts,0.07,0.03,0.0,0.01,0.12
11477,Bust-A-Move 2 Arcade Edition,N64,1997,Puzzle,Acclaim Entertainment,0.06,0.02,0.0,0.0,0.08
13925,Don Bradman Cricket 14,XOne,2015,Sports,Tru Blu Entertainment,0.0,0.04,0.0,0.0,0.04
7206,KORG DS-10 Synthesizer,DS,2008,Misc,AQ Interactive,0.2,0.01,0.0,0.02,0.22
387,Battlefield 4,PS4,2013,Shooter,Electronic Arts,1.34,1.54,0.17,0.38,3.43
16383,Fate/kaleid liner Prisma Illya,3DS,2014,Action,Kadokawa Games,0.0,0.0,0.01,0.0,0.01
1764,Omerta: City of Gangsters,PS3,2011,Simulation,Konami Digital Entertainment,0.52,0.46,0.0,0.17,1.15
4680,Jampack Spring 2004 (RP-T),PS2,2003,Misc,Sony Computer Entertainment,0.2,0.16,0.0,0.05,0.41
8709,Jurassic Park: The Game,X360,N/A,Action,Unknown,0.15,0.0,0.0,0.01,0.16
3551,RalliSport Challenge,XB,2002,Racing,Microsoft Game Studios,0.39,0.16,0.0,0.02,0.57
11331,Gundam Seed: Battle Assault,GBA,2004,Fighting,Namco Bandai Games,0.06,0.02,0.0,0.0,0.08
1503,The Beatles: Rock Band,X360,2009,Misc,MTV Games,0.97,0.23,0.0,0.11,1.31
6966,The Smurfs 2,DS,2013,Platform,Ubisoft,0.0,0.21,0.0,0.02,0.23
5267,Blasto,PS,1998,Action,Sony Computer Entertainment,0.2,0.13,0.0,0.02,0.35
8405,Pursuit Force,PSP,2005,Racing,Sony Computer Entertainment,0.14,0.01,0.0,0.02,0.17
15838,Sniper Elite,PC,2005,Shooter,MC2 Entertainment,0.0,0.01,0.0,0.0,0.02
18,Grand Theft Auto: San Andreas,PS2,2004,Action,Take-Two Interactive,9.43,0.4,0.41,10.57,20.81
2365,NBA 2K6,PS2,2005,Action,Take-Two Interactive,0.43,0.34,0.0,0.11,0.88
16462,Rugby World Cup 2015,PC,2015,Sports,Ubisoft,0.0,0.01,0.0,0.0,0.01
13793,CSI: Fatal Conspiracy,PC,2010,Adventure,Ubisoft,0.0,0.03,0.0,0.01,0.04
11775,Aikatsu! My No.1 Stage!,3DS,2015,Misc,Namco Bandai Games,0.0,0.0,0.07,0.0,0.07
11634,Jikkyou Powerful Pro Yakyuu Next,Wii,2009,Sports,Konami Digital Entertainment,0.0,0.0,0.08,0.0,0.08
3572,NCAA March Madness 07,PS2,2007,Sports,Electronic Arts,0.28,0.22,0.0,0.07,0.56
12619,Raw Danger! (JP sales),PS2,2006,Action,505 Games,0.0,0.0,0.06,0.0,0.06
3905,Dynasty Warriors,PSP,2004,Action,Tecmo Koei,0.18,0.01,0.3,0.02,0.51
14185,MX vs. ATV Supercross,PS3,2014,Racing,Nordic Games,0.02,0.01,0.0,0.01,0.03
10969,SingStar: Made In Germany,PS3,2009,Misc,Sony Computer Entertainment,0.0,0.07,0.0,0.02,0.09
10806,Imagine: Reporter,DS,2010,Simulation,Ubisoft,0.08,0.01,0.0,0.01,0.1
8736,Chaotic: Shadow Warriors,X360,2009,Action,Activision,0.14,0.0,0.0,0.01,0.15
16312,Rally Championship,GC,2003,Racing,SCi,0.01,0.0,0.0,0.0,0.01
4308,DanceStar Party,PS3,2011,Misc,Sony Computer Entertainment,0.0,0.35,0.0,0.1,0.46
16412,"Element Girl: Love, Fashion and Friends",DS,2008,Adventure,DTP Entertainment,0.0,0.01,0.0,0.0,0.01
12090,Dragon Valor,PS,1999,Role-Playing,Sony Computer Entertainment,0.04,0.03,0.0,0.0,0.07
4769,Jikkyou Powerful Pro Yakuu '94,SNES,1994,Sports,Konami Digital Entertainment,0.0,0.0,0.41,0.0,0.41
1895,NASCAR Thunder 2004,PS2,2003,Racing,Electronic Arts,0.53,0.41,0.0,0.14,1.08
5873,Tom Clancy's Splinter Cell 3D,3DS,2011,Action,Ubisoft,0.14,0.07,0.07,0.02,0.3
16445,Colin McRae Rally 2005 plus,PSP,2005,Racing,Codemasters,0.0,0.0,0.01,0.0,0.01
649,Theme Hospital,PC,1997,Strategy,Electronic Arts,2.3,0.1,0.0,0.0,2.4
14976,Demigod,PC,2009,Strategy,Atari,0.0,0.02,0.0,0.0,0.02
13430,Tropico 3,PC,2009,Strategy,Kalypso Media,0.0,0.04,0.0,0.01,0.05
13576,The Kore Gang,Wii,2010,Platform,Flashpoint Games,0.04,0.0,0.0,0.0,0.04
855,Harry Potter and the Chamber of Secrets,GBA,2002,Action,Electronic Arts,1.21,0.64,0.05,0.09,1.99
4978,Evil Dead: Fistfull of Boomstick,PS2,2003,Action,THQ,0.19,0.15,0.0,0.05,0.38
2889,Tactics Ogre: Let Us Cling Together,SNES,1995,Role-Playing,Quest,0.0,0.0,0.71,0.0,0.71
5135,Pac-Man World 2,GC,2002,Action,Nintendo,0.28,0.07,0.0,0.01,0.37
13465,Phoenix Wright: Revived Turnabout,DS,2008,Misc,Capcom,0.0,0.0,0.04,0.0,0.04
1146,Super Mario Strikers,GC,2005,Sports,Nintendo,0.98,0.38,0.2,0.04,1.61
15885,Earth Defense Force 2017 (old JP sales),X360,2006,Shooter,D3Publisher,0.0,0.0,0.02,0.0,0.02
9031,Sengoku Musou 3 Empires,PS3,2011,Action,Tecmo Koei,0.0,0.0,0.14,0.0,0.14
4162,Super Puyo Puyo 2,SNES,1995,Puzzle,Compile,0.0,0.0,0.47,0.0,0.47
745,Kirby's Pinball Land,GB,1992,Misc,Nintendo,0.87,0.17,1.1,0.05,2.19
12308,Rugby 15,PSV,2015,Sports,Bigben Interactive,0.0,0.05,0.0,0.01,0.06
14283,Mame Goma: Honobo no Nikki,DS,2007,Simulation,TDK Core,0.0,0.0,0.03,0.0,0.03
4185,Spider-Man 3,DS,2007,Platform,Activision,0.41,0.02,0.0,0.04,0.47
667,Half-Life 2,PC,2004,Shooter,Vivendi Games,2.28,0.02,0.08,0.0,2.37
8031,Ar tonelico 2: Melody of Metafalica,PS2,2007,Role-Playing,Nippon Ichi Software,0.04,0.03,0.11,0.01,0.18
14294,Medarot 9: Kabuto Ver. / Kuwagata Ver.,3DS,2015,Role-Playing,Rocket Company,0.0,0.0,0.03,0.0,0.03
16165,Tiger Woods PGA Tour 2005,PC,2004,Sports,Electronic Arts,0.0,0.01,0.0,0.0,0.01
2715,Mortal Kombat: Deception,XB,2004,Fighting,Midway Games,0.61,0.12,0.0,0.03,0.76
14052,Ultimate Game Room,DS,2009,Misc,Majesco Entertainment,0.03,0.0,0.0,0.0,0.04
11114,Karaoke Revolution Presents American Idol Encore,PS3,2008,Misc,Konami Digital Entertainment,0.08,0.0,0.0,0.01,0.09
11384,God Eater Resurrection,PS4,2015,Action,Namco Bandai Games,0.0,0.0,0.08,0.0,0.08
14954,World Series of Poker 2008: Battle for the Bracelets,PSP,2007,Misc,Activision,0.02,0.0,0.0,0.0,0.02
13350,Ys: The Ark of Napishtim,PSP,2006,Role-Playing,Konami Digital Entertainment,0.04,0.0,0.0,0.0,0.05
2312,Star Wars: The Force Unleashed,DS,2008,Action,LucasArts,0.51,0.29,0.0,0.09,0.9
3361,Tomb Raider (2013),XOne,2014,Action,Square Enix,0.34,0.21,0.0,0.05,0.6
2611,WCW Mayhem,N64,1999,Fighting,Electronic Arts,0.63,0.15,0.0,0.01,0.79
7373,RealSports Baseball,2600,1981,Sports,Atari,0.2,0.01,0.0,0.0,0.21
2221,Operation Flashpoint: Dragon Rising,X360,2009,Shooter,Codemasters,0.36,0.45,0.02,0.1,0.93
2840,LEGO Harry Potter: Years 5-7,DS,N/A,Action,Warner Bros. Interactive Entertainment,0.35,0.3,0.0,0.07,0.72
12969,Taito Legends Power Up,PSP,2007,Action,Destineer,0.05,0.0,0.0,0.0,0.05
11758,Futurama,PS2,2003,Platform,SCi,0.04,0.03,0.0,0.01,0.07
237,The Last of Us,PS4,2014,Action,Sony Computer Entertainment,1.78,1.87,0.07,0.82,4.55
14998,Bugriders: The Race of Kings,PS,1997,Racing,GT Interactive,0.01,0.01,0.0,0.0,0.02
8389,NickToons: Racing,PS,2001,Racing,Hasbro Interactive,0.09,0.06,0.0,0.01,0.17
6392,Ace Attorney 6,3DS,2016,Adventure,Capcom,0.0,0.0,0.27,0.0,0.27
16202,Casper,GBA,2002,Adventure,Microids,0.01,0.0,0.0,0.0,0.01
10648,King of Clubs: Mini Golf,Wii,2008,Sports,Oxygen Interactive,0.09,0.0,0.0,0.01,0.1
6258,Kobitodzukan: Kobito Kansatsu Set,3DS,2012,Misc,Nippon Columbia,0.0,0.0,0.28,0.0,0.28
12482,World Series of Poker 2008: Battle for the Bracelets,DS,2007,Misc,Activision,0.05,0.0,0.0,0.0,0.06
9366,Ben 10 Galactic Racing,3DS,2011,Racing,D3Publisher,0.07,0.06,0.0,0.01,0.13
5596,Momotarou Dentetsu 20-Shuunen,DS,2008,Misc,Hudson Soft,0.0,0.0,0.32,0.0,0.32
15336,Chuck E. Cheese's Super Collection,Wii,2011,Action,UFO Interactive,0.02,0.0,0.0,0.0,0.02
2267,The Evil Within,PS3,2014,Action,Bethesda Softworks,0.26,0.39,0.12,0.14,0.92
4294,Vin Diesel: Wheelman,X360,2009,Racing,Ubisoft,0.24,0.17,0.0,0.05,0.46
2756,Capcom vs. SNK 2: Mark of the Millennium 2001,PS2,2001,Fighting,Capcom,0.22,0.17,0.3,0.06,0.75
5686,Shrek the Third,PSP,2007,Action,Activision,0.08,0.15,0.0,0.09,0.32
14568,Winx Club: Rockstars,DS,2010,Adventure,Namco Bandai Games,0.0,0.03,0.0,0.0,0.03
7216,Duel Masters: Kaijudo Showdown,GBA,2004,Misc,Atari,0.16,0.06,0.0,0.0,0.22
8640,Konami Krazy Racers,GBA,2001,Racing,Konami Digital Entertainment,0.09,0.03,0.04,0.0,0.16
553,Onimusha: Warlords,PS2,2001,Action,Virgin Interactive,0.99,0.48,1.09,0.14,2.7
2479,Ben 10: Protector of Earth,PS2,2007,Action,D3Publisher,0.09,0.0,0.0,0.74,0.84
403,English Training: Have Fun Improving Your Skills!,DS,2006,Misc,Nintendo,0.0,0.99,2.32,0.02,3.33
4133,Midnight Club: Street Racing,GBA,2001,Racing,Rebellion,0.34,0.13,0.0,0.01,0.48
8456,Project X Zone 2: Brave New World,3DS,2015,Role-Playing,Namco Bandai Games,0.04,0.04,0.08,0.01,0.17
15424,Ro-Kyu-Bu! Lost Secret,PSP,2013,Adventure,Kadokawa Shoten,0.0,0.0,0.02,0.0,0.02
8518,Let's Ride: Sunshine Stables,GBA,2005,Sports,DTP Entertainment,0.12,0.04,0.0,0.0,0.16
7784,Great Phoenix Wright: Ace Attorney - Naruhodou Ryuunosuke no Bouken,3DS,2015,Action,Capcom,0.0,0.0,0.19,0.0,0.19
1085,SSX 3,PS2,2003,Sports,Electronic Arts,0.93,0.52,0.0,0.22,1.67
7428,PoPoLoCrois Monogatari II,PS,2000,Role-Playing,Sony Computer Entertainment,0.0,0.0,0.2,0.01,0.21
16258,No Fate! Only the Power of Will,X360,2010,Adventure,Alchemist,0.0,0.0,0.01,0.0,0.01
6961,Wizards of Waverly Place: Spellbound,DS,2010,Misc,Disney Interactive Studios,0.16,0.06,0.0,0.02,0.23
12897,Major Minor's Majestic March,Wii,2009,Misc,Majesco Entertainment,0.05,0.0,0.0,0.0,0.05
15075,Titanic Mystery,Wii,2010,Puzzle,O-Games,0.02,0.0,0.0,0.0,0.02
10697,F1 2014,PC,2014,Racing,Codemasters,0.0,0.09,0.0,0.01,0.1
2456,Golden Sun: Dark Dawn,DS,2010,Role-Playing,Nintendo,0.56,0.11,0.13,0.05,0.84
9959,Deadpool,XOne,2015,Action,Activision,0.08,0.03,0.0,0.01,0.12
13876,Harry Potter and the Order of the Phoenix,PC,2007,Action,Electronic Arts,0.0,0.03,0.0,0.01,0.04
15284,Hyakka Hyakurou: Sengoku Ninpoujou,PSV,2016,Adventure,D3Publisher,0.0,0.0,0.02,0.0,0.02
3785,Peter Jackson's King Kong: The Official Game of the Movie,XB,2005,Action,Ubisoft,0.34,0.17,0.0,0.02,0.53
10904,"Prinny 2: Dawn of Operation Panties, Dood!",PSP,2010,Platform,Nippon Ichi Software,0.05,0.0,0.03,0.01,0.09
6308,Bishoujo Senshi Sailormoon R,SNES,1993,Fighting,Namco Bandai Games,0.0,0.0,0.27,0.0,0.27
11941,Fantasy Aquarium by DS,DS,2008,Simulation,Mercury Games,0.07,0.0,0.0,0.01,0.07
10909,Ribbit King,PS2,2003,Sports,Atari,0.05,0.04,0.0,0.01,0.09
10831,Egg Monster Hero,DS,N/A,Role-Playing,Square Enix,0.0,0.0,0.09,0.0,0.09
8067,Shrek SuperSlam,DS,2005,Action,Activision,0.17,0.0,0.0,0.01,0.18
129,Assassin's Creed III,PS3,2012,Action,Ubisoft,2.64,2.56,0.16,1.14,6.5
1039,Call of Duty: Modern Warfare 3,PC,2011,Shooter,Activision,0.41,0.98,0.0,0.33,1.72
10138,Where the Wild Things Are,X360,2009,Platform,Warner Bros. Interactive Entertainment,0.1,0.0,0.0,0.01,0.11
690,Chrono Trigger,SNES,1995,Role-Playing,SquareSoft,0.28,0.0,2.02,0.01,2.31
9582,Star Wars: Clone Wars,XB,2003,Shooter,LucasArts,0.1,0.03,0.0,0.0,0.13
4854,Wii Sports Club,WiiU,2014,Sports,Nintendo,0.19,0.14,0.04,0.03,0.4
7766,Enchanted Arms,X360,2006,Role-Playing,Ubisoft,0.16,0.02,0.0,0.02,0.19
12159,everGirl,GBA,2005,Adventure,THQ,0.05,0.02,0.0,0.0,0.07
10836,Barnyard,PS2,2006,Action,THQ,0.05,0.04,0.0,0.01,0.09
2257,Wipeout: In The Zone,X360,2011,Misc,Activision,0.87,0.0,0.0,0.05,0.92
3501,NFL Blitz 2000,N64,1999,Sports,Midway Games,0.55,0.02,0.0,0.0,0.58
6831,Boogie SuperStar,Wii,2008,Misc,Electronic Arts,0.2,0.02,0.0,0.02,0.24
14929,Ghost Pirates of Vooju Island,PC,2009,Adventure,DTP Entertainment,0.0,0.02,0.0,0.0,0.02
487,WWE SmackDown! vs. RAW 2006,PS2,2005,Fighting,THQ,1.45,1.11,0.04,0.33,2.94
657,Dead Island,X360,2011,Action,Deep Silver,1.48,0.71,0.0,0.2,2.39
8702,The Idolm@ster 2,PS3,2011,Misc,Namco Bandai Games,0.0,0.0,0.16,0.0,0.16
13972,Rugby World Cup 2015,PSV,2015,Sports,Ubisoft,0.0,0.03,0.0,0.01,0.04
3001,Fight Night 2004,XB,2004,Fighting,Electronic Arts,0.51,0.15,0.0,0.02,0.68
6861,Valhalla Knights,PSP,2006,Role-Playing,Rising Star Games,0.15,0.0,0.07,0.01,0.24
501,Call of Duty: Finest Hour,PS2,2004,Shooter,Activision,1.51,1.12,0.01,0.24,2.89
9817,Street Hoops,GC,N/A,Sports,Unknown,0.09,0.02,0.0,0.0,0.12
9632,Victorious: Time to Shine,X360,2011,Action,D3Publisher,0.12,0.0,0.0,0.01,0.13
13762,J.League Pro Soccer Club o Tsukurou! 8 Euro Plus,PSP,2013,Sports,Sega,0.0,0.0,0.04,0.0,0.04
1200,Active Life: Outdoor Challenge,Wii,2008,Sports,Atari,0.79,0.44,0.19,0.14,1.55
1251,The Simpsons Game,PS2,2007,Action,Electronic Arts,0.35,0.03,0.0,1.13,1.51
10847,Crash 'N' Burn,XB,2004,Racing,Eidos Interactive,0.07,0.02,0.0,0.0,0.09
1163,Soul Edge,PS,1996,Fighting,Sony Computer Entertainment,0.61,0.41,0.46,0.1,1.59
10890,The Legend of Heroes: A Tear of Vermillion,PSP,2005,Role-Playing,Namco Bandai Games,0.08,0.0,0.0,0.01,0.09
10027,Retro Game Challenge,DS,2007,Action,Namco Bandai Games,0.0,0.0,0.11,0.0,0.11
6538,The Amazing Spider-Man 2 (2014),X360,2014,Action,Activision,0.1,0.14,0.0,0.02,0.26
14353,A Good Librarian Like a Good Shepherd: Library Party,PSV,2015,Action,Kaga Create,0.0,0.0,0.03,0.0,0.03
6477,Prison Break: The Conspiracy,PS3,2010,Action,Deep Silver,0.05,0.16,0.0,0.05,0.26
8948,Hoppechan: Tsukutte! Asonde! Punipuni Town!!,3DS,2013,Action,Nippon Columbia,0.0,0.0,0.15,0.0,0.15
9644,Last Ranker,PSP,2010,Role-Playing,Capcom,0.0,0.0,0.13,0.0,0.13
5432,Dynasty Warriors: Gundam 2,PS2,2008,Action,Namco Bandai Games,0.04,0.03,0.25,0.01,0.34
8156,Ball Breakers,PS,2000,Action,Take-Two Interactive,0.1,0.07,0.0,0.01,0.18
15286,Gekka Ryouran Romance,PSP,2011,Adventure,Idea Factory,0.0,0.0,0.02,0.0,0.02
8731,James Noir's Hollywood Crimes,3DS,2011,Adventure,Ubisoft,0.07,0.07,0.0,0.02,0.15
14460,S.L.A.I.: Steel Lancer Arena International,PS2,2005,Simulation,Konami Digital Entertainment,0.01,0.01,0.0,0.0,0.03
10604,Lord of Apocalypse,PSV,2011,Role-Playing,Square Enix,0.0,0.0,0.1,0.0,0.1
11038,Quantum Theory,X360,2010,Shooter,Tecmo Koei,0.06,0.02,0.0,0.01,0.09
12856,Dual Hearts,PS2,2002,Role-Playing,Sony Computer Entertainment,0.03,0.02,0.0,0.01,0.05
8390,VR Golf '97,PS,1996,Sports,Gremlin Interactive Ltd,0.09,0.06,0.0,0.01,0.17
14781,GRID Autosport,PC,2014,Racing,Codemasters,0.0,0.02,0.0,0.0,0.03
7460,Greg Hastings Paintball 2,X360,2010,Shooter,Majesco Entertainment,0.19,0.0,0.0,0.01,0.21
3661,Barbie Horse Adventures: Riding Camp,DS,2008,Sports,Activision,0.51,0.0,0.0,0.04,0.55
10531,Kirarin * Revolution: Mezase! Idol Queen,DS,2007,Simulation,Konami Digital Entertainment,0.0,0.0,0.1,0.0,0.1
3299,Just Dance 2014,WiiU,2013,Misc,Ubisoft,0.33,0.23,0.0,0.05,0.61
4313,2 Games in 1: SpongeBob SquarePants: SuperSponge & Rugrats Go Wild,GBA,2005,Platform,THQ,0.33,0.12,0.0,0.01,0.45
3147,NBA 2K17,XOne,2016,Sports,Take-Two Interactive,0.54,0.04,0.0,0.07,0.64
5121,Spider-Man: Friend or Foe,PS2,2007,Action,Activision,0.31,0.01,0.0,0.05,0.37
15518,Puzzle Star Sweep,PS,1997,Puzzle,Midas Interactive Entertainment,0.01,0.01,0.0,0.0,0.02
861,Sonic Classic Collection,DS,2010,Platform,Sega,0.99,0.8,0.0,0.18,1.97
10887,Psychonauts,PS2,2005,Platform,Majesco Entertainment,0.05,0.04,0.0,0.01,0.09
12709,Mayhem 3D,PS3,2011,Racing,Evolved Games,0.05,0.0,0.0,0.01,0.06
16050,Rayman Raving Rabbids,PC,2006,Misc,Ubisoft,0.0,0.01,0.0,0.0,0.01
1343,Need for Speed Rivals,PS3,2013,Racing,Electronic Arts,0.33,0.74,0.05,0.31,1.44
4677,Zone of the Enders: The 2nd Runner,PS2,2003,Simulation,Konami Digital Entertainment,0.15,0.12,0.11,0.04,0.41
12250,Jewel Link Chronicles: Mountains of Madness,DS,N/A,Puzzle,Avanquest,0.0,0.06,0.0,0.01,0.06
432,LEGO Batman: The Videogame,Wii,N/A,Action,Warner Bros. Interactive Entertainment,1.86,1.02,0.0,0.29,3.17
8590,Starcraft 64,N64,2000,Strategy,Nintendo,0.13,0.03,0.0,0.0,0.16
13651,Saint Seiya: Soldiers' Soul,PS3,2015,Fighting,Namco Bandai Games,0.0,0.0,0.04,0.0,0.04
12900,Samantha Swift and the Hidden Roses of Athena,DS,2010,Adventure,Unknown,0.04,0.01,0.0,0.0,0.05
6697,The Mummy: Tomb of the Dragon Emperor,PS2,2008,Action,Vivendi Games,0.12,0.1,0.0,0.03,0.25
6353,Harry Potter and the Order of the Phoenix,PS2,2007,Action,Electronic Arts,0.13,0.1,0.0,0.03,0.27
5571,Shin Nippon Pro Wrestling: Toukon Retsuden,PS,1995,Fighting,Tomy Corporation,0.0,0.0,0.3,0.02,0.33
8721,Bleach: Dark Souls,DS,2007,Fighting,Sega,0.12,0.02,0.0,0.01,0.15
12470,Grey's Anatomy: The Video Game,Wii,2009,Adventure,Ubisoft,0.05,0.01,0.0,0.0,0.06
8439,Mousetrap / Operation / Simon,GBA,2005,Misc,DSI Games,0.12,0.04,0.0,0.0,0.17
9476,Drakengard 2,PS2,2005,Role-Playing,Ubisoft,0.06,0.05,0.0,0.02,0.13
15580,Bakumatsu Rock: Ultra Soul,PSV,2014,Misc,Marvelous Interactive,0.0,0.0,0.02,0.0,0.02
13373,Arctic Tale,Wii,2007,Adventure,Zoo Digital Publishing,0.04,0.0,0.0,0.0,0.05
989,Metroid II: Return of Samus,GB,1991,Adventure,Nintendo,0.85,0.31,0.56,0.04,1.76
6357,Fantastic 4,XB,2005,Action,Activision,0.2,0.06,0.0,0.01,0.27
9731,MotoGP 3 - Official Game of MotoGP,PS2,2003,Racing,Namco Bandai Games,0.06,0.05,0.0,0.02,0.12
5991,FlatOut: Head On,PSP,2008,Racing,Empire Interactive,0.13,0.11,0.0,0.06,0.29
7383,Naruto: Clash of Ninja (JP sales),GC,2003,Fighting,Tomy Corporation,0.0,0.0,0.21,0.01,0.21
12409,Biker Mice From Mars,PS2,2006,Racing,Game Factory,0.03,0.02,0.0,0.01,0.06
13481,Backyard Baseball '09,Wii,2008,Sports,Atari,0.04,0.0,0.0,0.0,0.04
7349,The Bard's Tale,PS2,2004,Role-Playing,Ubisoft,0.1,0.08,0.0,0.03,0.21
16129,Monster Rancher Advance 2,GBA,2002,Simulation,Tecmo Koei,0.01,0.0,0.0,0.0,0.01
16231,Double Sequence: The Q-Virus Invasion,DS,2008,Puzzle,Zoo Digital Publishing,0.01,0.0,0.0,0.0,0.01
2608,Motocross Mania,PS,2001,Racing,Take-Two Interactive,0.44,0.3,0.0,0.05,0.79
9608,Black Dawn,PS,1996,Simulation,Virgin Interactive,0.07,0.05,0.0,0.01,0.13
3815,Go Diego Go! Safari Rescue,Wii,2008,Action,Take-Two Interactive,0.48,0.01,0.0,0.04,0.53
2400,Wizards of Waverly Place,DS,2009,Misc,Disney Interactive Studios,0.59,0.2,0.0,0.08,0.87
12379,Star Trek: Tactical Assault,DS,2006,Strategy,Ubisoft,0.05,0.01,0.0,0.0,0.06
14046,Barbie and Her Sisters Puppy Rescue,3DS,2015,Action,Namco Bandai Games,0.0,0.03,0.0,0.0,0.04
2347,F1 2010,X360,2010,Racing,Codemasters,0.18,0.59,0.01,0.1,0.89
14830,Disney Planes Fire & Rescue,WiiU,2014,Action,Disney Interactive Studios,0.01,0.01,0.0,0.0,0.03
15603,Emergency 2012,DS,2010,Simulation,Rondomedia,0.0,0.02,0.0,0.0,0.02
945,"Hey You, Pikachu!",N64,1998,Simulation,Nintendo,0.83,0.06,0.93,0.0,1.83
4873,Naruto: Path of the Ninja,DS,2007,Role-Playing,D3Publisher,0.37,0.0,0.0,0.03,0.4
2021,Donkey Kong Land III,GB,N/A,Platform,Nintendo,0.68,0.31,0.0,0.04,1.03
5602,NBA Street V3,XB,2005,Sports,Electronic Arts,0.28,0.03,0.0,0.01,0.32
8107,Shadow The Hedgehog,XB,2005,Platform,Sega,0.13,0.04,0.0,0.01,0.18
5248,Frogs And Flies,2600,1981,Action,Mattel Interactive,0.33,0.02,0.0,0.0,0.36
8316,Hunter: The Reckoning Redeemer,XB,2003,Action,Interplay,0.13,0.04,0.0,0.01,0.17
9681,After Hours Athletes,PS3,2011,Sports,Sony Computer Entertainment,0.0,0.1,0.0,0.03,0.12
8642,Blitz: The League II,PS3,2008,Sports,Midway Games,0.11,0.03,0.0,0.02,0.16
13509,I.Q. Remix+: Intelligent Qube,PS2,2000,Puzzle,Sony Computer Entertainment,0.0,0.0,0.04,0.0,0.04
11540,Batman: Dark Tomorrow,GC,2003,Action,Kemco,0.06,0.02,0.0,0.0,0.08
4791,"Transformers: The Game (XBox 360, PS2, PS3, Wii & PC Versions)",PS3,2007,Action,Activision,0.32,0.04,0.01,0.04,0.4
1213,Dark Cloud,PS2,2000,Role-Playing,Sony Computer Entertainment,0.83,0.44,0.08,0.19,1.54
5797,NCAA Final Four 2002,PS2,2001,Sports,Sony Computer Entertainment,0.15,0.12,0.0,0.04,0.31
5259,NHL 2K10,PS2,2009,Sports,Take-Two Interactive,0.17,0.14,0.0,0.05,0.36
1161,Diablo,PC,1996,Role-Playing,Activision,0.01,1.58,0.0,0.0,1.59
9947,Buffy the Vampire Slayer: Chaos Bleeds,XB,2003,Action,Vivendi Games,0.09,0.03,0.0,0.0,0.12
6645,Scrabble,PS,1999,Misc,Ubisoft,0.14,0.1,0.0,0.02,0.25
7996,Phantasy Star Online Ver. 2,DC,2001,Role-Playing,Sega,0.0,0.0,0.19,0.0,0.19
1218,Die Hard Trilogy,PS,1996,Shooter,Fox Interactive,0.85,0.58,0.0,0.1,1.54
13752,Worms 4: Mayhem,XB,2005,Strategy,Codemasters,0.03,0.01,0.0,0.0,0.04
3391,Jikkyou Powerful Pro Yakyuu '97 Kaimakuban,PS,1997,Sports,Konami Digital Entertainment,0.0,0.0,0.56,0.04,0.59
11488,Line Rider 2: Unbound,DS,2008,Puzzle,Deep Silver,0.07,0.0,0.0,0.01,0.08
13977,Mr. Driller,PS,1999,Puzzle,Namco Bandai Games,0.02,0.01,0.0,0.0,0.04
6808,BioShock 2,PC,N/A,Shooter,Take-Two Interactive,0.02,0.19,0.0,0.04,0.24
15369,UnchainBlades EXXiV,PSP,2012,Role-Playing,FuRyu,0.0,0.0,0.02,0.0,0.02
15979,Ouran Koukou Host Bu,PS2,2007,Adventure,Idea Factory,0.0,0.0,0.02,0.0,0.02
1341,Kinect Joy Ride,X360,2010,Racing,Microsoft Game Studios,0.92,0.4,0.0,0.12,1.44
10113,Heavy Fire: Afghanistan,Wii,2011,Shooter,Mastiff,0.11,0.0,0.0,0.01,0.11
8500,Kya: Dark Lineage,PS2,2003,Adventure,Atari,0.08,0.06,0.0,0.02,0.16
7659,UFC Personal Trainer: The Ultimate Fitness System,Wii,2011,Sports,THQ,0.12,0.06,0.0,0.02,0.2
9697,Pryzm Chapter One: The Dark Unicorn,PS2,2002,Adventure,TDK Mediactive,0.06,0.05,0.0,0.02,0.12
2354,SingStar Anthems,PS2,2006,Misc,Sony Computer Entertainment,0.0,0.68,0.0,0.2,0.89
7140,TNA iMPACT!,PS2,2008,Fighting,Midway Games,0.1,0.0,0.0,0.12,0.22
9139,Eternal Poison,PS2,2008,Role-Playing,Banpresto,0.07,0.05,0.0,0.02,0.14
12231,Pocky & Rocky with Becky,GBA,2001,Shooter,Altron,0.05,0.02,0.0,0.0,0.07
2909,Command & Conquer: Red Alert Retaliation,PS,1998,Strategy,Virgin Interactive,0.39,0.27,0.0,0.05,0.7
2376,Crimson Skies: High Road to Revenge,XB,2003,Simulation,Microsoft Game Studios,0.65,0.19,0.0,0.03,0.87
9918,Don Bradman Cricket 14,PS4,2015,Sports,Tru Blu Entertainment,0.01,0.09,0.0,0.02,0.12
12683,Jumble Madness,DS,2009,Puzzle,Destineer,0.06,0.0,0.0,0.0,0.06
6676,The Outfit,X360,2006,Action,THQ,0.21,0.02,0.0,0.02,0.25
888,Guitar Hero: World Tour,PS3,2008,Misc,Activision,1.1,0.56,0.0,0.27,1.93
1755,Sega Rally Championship,SAT,1995,Racing,Sega,0.21,0.16,0.77,0.02,1.16
3309,Littlest Pet Shop: Garden,DS,2008,Simulation,Electronic Arts,0.31,0.24,0.0,0.06,0.61
13794,Durarara!! 3way Standoff: Alley,PSP,2011,Adventure,Kadokawa Shoten,0.0,0.0,0.04,0.0,0.04
15300,Tsuyo Kiss 2 Portable,PSP,2010,Adventure,NetRevo,0.0,0.0,0.02,0.0,0.02
12104,Sudoku Fever,GBA,2006,Puzzle,Take-Two Interactive,0.05,0.02,0.0,0.0,0.07
5664,Manhunt 2,PSP,2007,Action,Take-Two Interactive,0.04,0.18,0.0,0.1,0.32
504,Imagine: Babyz,DS,2007,Simulation,Ubisoft,1.3,1.27,0.0,0.31,2.88
4226,Mat Hoffman's Pro BMX 2,PS2,2002,Sports,Activision,0.23,0.18,0.0,0.06,0.46
6713,Disgaea 2: Dark Hero Days,PSP,2009,Role-Playing,Nippon Ichi Software,0.1,0.01,0.12,0.02,0.25
7812,Mace Griffin: Bounty Hunter,PS2,2003,Shooter,Electronic Arts,0.09,0.07,0.0,0.02,0.19
14635,1000 Cooking Recipes from ELLE Ã  table,DS,2010,Misc,Nintendo,0.0,0.02,0.0,0.0,0.03
16299,Legend of Kay Anniversary,WiiU,2015,Action,Nordic Games,0.0,0.01,0.0,0.0,0.01
11546,Ogre Battle Series: Tactics Ogre,PS,1997,Role-Playing,Atlus,0.04,0.03,0.0,0.01,0.08
8746,FIFA Street 2,PSP,2006,Sports,Electronic Arts,0.07,0.06,0.0,0.03,0.15
6281,Final Fantasy X International,PS2,2004,Role-Playing,Square Enix,0.0,0.0,0.27,0.0,0.27
4234,Circus Atari,2600,N/A,Action,Atari,0.43,0.03,0.0,0.0,0.46
8230,Rugrats: Royal Ransom,GC,2002,Platform,THQ,0.13,0.03,0.0,0.0,0.17
5966,The BIGS 2,Wii,2009,Sports,Take-Two Interactive,0.26,0.01,0.0,0.02,0.29
15708,Sarah: Keeper of the Unicorn,DS,2009,Adventure,DreamCatcher Interactive,0.02,0.0,0.0,0.0,0.02
7142,Def Jam: Fight for NY,GC,2004,Fighting,Electronic Arts,0.17,0.05,0.0,0.01,0.22
10200,FlatOut: Ultimate Carnage,X360,2007,Racing,Empire Interactive,0.07,0.03,0.0,0.01,0.11
11736,Backyard NBA Basketball,DS,2007,Sports,Atari,0.07,0.0,0.0,0.01,0.07
10613,Spider-Man: Web of Shadows,DS,2008,Action,Activision,0.09,0.0,0.0,0.01,0.1
9453,NeverDead,PS3,2012,Shooter,Konami Digital Entertainment,0.06,0.04,0.01,0.02,0.13
7234,ATV Quad Kings,Wii,2009,Racing,Zoo Digital Publishing,0.21,0.0,0.0,0.01,0.22
7779,Scene It? Twilight,DS,2010,Misc,Konami Digital Entertainment,0.11,0.07,0.0,0.02,0.19
15319,Runaway: A Twist of Fate,DS,N/A,Adventure,Focus Home Interactive,0.0,0.02,0.0,0.0,0.02
7508,World Championship Cards,PSP,2008,Misc,Crave Entertainment,0.19,0.0,0.0,0.02,0.2
10130,J-League Winning Eleven 9: Asia Championship,PS2,2005,Sports,Konami Digital Entertainment,0.0,0.0,0.11,0.0,0.11
14047,Kiniro no Corda 2 f,PSP,2009,Role-Playing,Tecmo Koei,0.0,0.0,0.04,0.0,0.04
4534,Mischief Makers,N64,1997,Platform,Nintendo,0.25,0.06,0.07,0.06,0.43
15420,Trapped Dead,PC,2011,Strategy,Iceberg Interactive,0.0,0.02,0.0,0.0,0.02
263,Batman: Arkham Asylum,PS3,2009,Action,Eidos Interactive,2.23,1.34,0.07,0.61,4.25
6095,Warriors Orochi 2,PSP,2008,Action,Tecmo Koei,0.06,0.0,0.22,0.01,0.29
16216,Aa Megami-samaa,PS2,2007,Adventure,Marvelous Interactive,0.0,0.0,0.01,0.0,0.01
4777,Avatar: The Game,DS,2009,Action,Ubisoft,0.19,0.18,0.0,0.04,0.41
6460,King's Field II,PS,1996,Role-Playing,From Software,0.08,0.06,0.11,0.02,0.26
12245,Cardfight!! Vanguard: Lock On Victory!!,3DS,2014,Misc,FuRyu,0.0,0.0,0.07,0.0,0.07
5408,Point Blank,PS,1997,Shooter,Sony Computer Entertainment,0.05,0.03,0.23,0.02,0.34
13432,Avatar: The Game,PC,2009,Action,Ubisoft,0.0,0.04,0.0,0.01,0.05
7602,Rock Band Track Pack: Classic Rock,PS2,2009,Misc,MTV Games,0.1,0.08,0.0,0.03,0.2
2954,MX vs. ATV Unleashed: On the Edge,PSP,2006,Racing,THQ,0.64,0.0,0.0,0.05,0.69
11637,Aliens in the Attic,Wii,2009,Action,Playlogic Game Factory,0.07,0.0,0.0,0.01,0.08
5941,Future Cop L.A.P.D.,PS,1997,Simulation,Electronic Arts,0.16,0.11,0.0,0.02,0.3
14699,Super Duper Sumos,GBA,N/A,Action,Unknown,0.02,0.01,0.0,0.0,0.03
4594,Colony Wars,PS,1997,Simulation,Psygnosis,0.24,0.16,0.0,0.03,0.42
16058,Winning Post 7 Maximum 2008,PS2,2008,Sports,Tecmo Koei,0.0,0.0,0.01,0.0,0.01
13182,Woody Woodpecker: Escape from Buzz Buzzard Park,PS2,2001,Platform,DreamCatcher Interactive,0.02,0.02,0.0,0.01,0.05
15901,"Nogizaka Haruka no Himitsu Cosplay, Hajime Mashita",PS2,2008,Adventure,ASCII Media Works,0.0,0.0,0.02,0.0,0.02
7830,Fire ProWrestling G,PS,1999,Fighting,Human Entertainment,0.0,0.0,0.18,0.01,0.19
13378,Amnesia Later,PSP,2012,Misc,Idea Factory,0.0,0.0,0.05,0.0,0.05
8272,MDK2 Armageddon,PS2,2001,Shooter,Virgin Interactive,0.08,0.07,0.0,0.02,0.17
10441,Vexx,XB,2003,Platform,Acclaim Entertainment,0.08,0.02,0.0,0.0,0.1
7213,Tom Clancy's Rainbow Six: Siege,PC,2015,Shooter,Ubisoft,0.12,0.08,0.0,0.02,0.22
10883,SD Gundam G Generation DS,DS,2005,Role-Playing,Namco Bandai Games,0.0,0.0,0.09,0.0,0.09
7944,Remington Super Slam Hunting: North America,Wii,2010,Sports,Mastiff,0.18,0.0,0.0,0.01,0.19
566,Call Of Duty 2: Big Red One,PS2,2005,Shooter,Activision,1.48,0.92,0.01,0.26,2.67
574,Super Mario Bros.: The Lost Levels,NES,1986,Platform,Nintendo,0.0,0.0,2.65,0.0,2.65
1285,Fight Night 2004,PS2,2004,Fighting,Electronic Arts,1.08,0.2,0.0,0.2,1.48
2051,Oshare Majo Love and Berry: DS Collection,DS,2006,Misc,Sega,0.0,0.0,1.01,0.0,1.01
15618,PachiPara 3D: Ooumi Monogatari 2 - Pachi Pro Fuuunroku Hana,3DS,2012,Action,Irem Software Engineering,0.0,0.0,0.02,0.0,0.02
164,Mario Kart: Super Circuit,GBA,2001,Racing,Nintendo,2.62,1.64,0.99,0.23,5.47
7016,Harvest Moon GB,GB,1997,Simulation,Victor Interactive,0.0,0.0,0.23,0.0,0.23
798,The Sims 2: Pets,DS,2006,Simulation,Electronic Arts,0.92,0.94,0.0,0.22,2.09
1416,Ridge Racer 7,PS3,2006,Racing,Namco Bandai Games,0.24,0.7,0.16,0.26,1.37
9475,Under Night In-Birth,PS3,2014,Fighting,Nippon Ichi Software,0.06,0.02,0.04,0.02,0.13
2664,Caesars Palace 2000: Millennium Gold Edition,PS,2000,Misc,Interplay,0.43,0.29,0.0,0.05,0.77
2613,Star Ocean: The Last Hope,X360,2009,Role-Playing,Square Enix,0.32,0.2,0.21,0.06,0.79
3139,Spyro: A Hero's Tail,PS2,2004,Platform,Vivendi Games,0.32,0.25,0.0,0.08,0.64
13210,TNA iMPACT: Cross the Line,DS,2010,Fighting,SouthPeak Games,0.05,0.0,0.0,0.0,0.05
3190,F1 2013,PS3,2013,Racing,Codemasters,0.01,0.45,0.03,0.15,0.63
534,Battlefield 3,PC,2011,Shooter,Electronic Arts,0.89,1.43,0.0,0.48,2.79
763,Call of Duty: Roads to Victory,PSP,2007,Shooter,Activision,0.52,1.03,0.0,0.59,2.14
10533,X-Men: Children of the Atom,PS,1998,Fighting,Acclaim Entertainment,0.06,0.04,0.0,0.01,0.1
12234,Chocolatier,DS,2010,Misc,Zoo Games,0.06,0.0,0.0,0.0,0.07
6487,Jikkyou Powerful Pro Yakyuu 2013,PS3,2013,Sports,Konami Digital Entertainment,0.0,0.0,0.26,0.0,0.26
7449,ESPN Winter X Games: Snowboarding 2002,PS2,2000,Sports,Konami Digital Entertainment,0.1,0.08,0.0,0.03,0.21
12522,Smile PreCure! Let's Go! Marchen World,3DS,2012,Action,Namco Bandai Games,0.0,0.0,0.06,0.0,0.06
3511,Far Cry Instincts,XB,2005,Shooter,Ubisoft,0.32,0.24,0.0,0.02,0.57
9322,ESPN MLB Baseball,XB,2004,Sports,Sega,0.1,0.03,0.0,0.0,0.14
420,Yokai Watch 2 Ganso/Honke,3DS,2014,Role-Playing,Nintendo,0.03,0.0,3.18,0.0,3.22
4441,Need for Speed: Shift 2 Unleashed,X360,2011,Racing,Electronic Arts,0.18,0.22,0.0,0.04,0.44
14986,Rugby Challenge 3,X360,2016,Sports,Alternative Software,0.0,0.02,0.0,0.0,0.02
1652,Super Street Fighter IV: 3D Edition,3DS,2011,Fighting,Capcom,0.55,0.44,0.14,0.09,1.22
5044,Tokimeki Memorial: Forever with You,SAT,1996,Simulation,Konami Digital Entertainment,0.0,0.0,0.38,0.0,0.38
12339,Chou Gekijouban Keroro Gunsou 3: Tenkuu Daibouken de Arimasu!,DS,2008,Action,Namco Bandai Games,0.0,0.0,0.06,0.0,0.06
13494,Rugby Challenge 3,PS3,2016,Sports,Alternative Software,0.0,0.04,0.0,0.01,0.04
10633,Disney's Donald Duck: Goin' Quackers,N64,2000,Platform,Ubisoft,0.08,0.02,0.0,0.0,0.1
6982,Kung Fu Panda 2,DS,2011,Action,THQ,0.16,0.05,0.0,0.02,0.23
8140,Doom (2016),PC,2016,Shooter,Bethesda Softworks,0.06,0.1,0.0,0.01,0.18
9581,Zapper: One Wicked Cricket!,GC,2002,Platform,Infogrames,0.1,0.03,0.0,0.0,0.13
13160,Durarara!! 3-way Standoff,PSP,2010,Adventure,ASCII Media Works,0.0,0.0,0.05,0.0,0.05
5054,Etrian Odyssey IV: Legends of the Titans,3DS,2012,Role-Playing,Atlus,0.12,0.05,0.2,0.01,0.38
2626,Personal Trainer: Walking,DS,2008,Sports,Nintendo,0.22,0.32,0.17,0.07,0.79
9693,Tom Clancy's Splinter Cell Trilogy,PS3,2011,Action,Ubisoft,0.0,0.1,0.0,0.03,0.12
12338,Seaman 2: Peking Genjin Ikusei Kit,PS2,2007,Simulation,Sega,0.0,0.0,0.06,0.0,0.06
4721,Up,PSP,2009,Action,THQ,0.24,0.1,0.0,0.07,0.41
16283,Fatal Fury: Battle Archives Volume 1 (JP sales),PS2,2006,Fighting,Ignition Entertainment,0.0,0.0,0.01,0.0,0.01
12070,Keroro RPG: Kishi to Musha to Densetsu no Kaizoku,DS,2010,Role-Playing,Namco Bandai Games,0.0,0.0,0.07,0.0,0.07
6993,SingStar Pop Edition,PS3,2009,Misc,Sony Computer Entertainment,0.0,0.19,0.0,0.05,0.23
4355,Apocalypse,PS,1998,Action,Activision,0.25,0.17,0.0,0.03,0.45
10331,Transformer: Rise of the Dark Spark,XOne,2014,Action,Activision,0.06,0.03,0.0,0.01,0.11
7443,JSRF: Jet Set Radio Future,XB,2002,Action,Sega,0.13,0.04,0.03,0.01,0.21
3222,Battle of Giants: Dragons,DS,2009,Strategy,Ubisoft,0.31,0.25,0.0,0.06,0.63
15877,Majesty 2: The Fantasy Kingdom Sim,PC,2009,Simulation,Paradox Interactive,0.01,0.0,0.0,0.0,0.02
4385,Final Fantasy Collection,PS,1999,Role-Playing,Square,0.0,0.0,0.42,0.03,0.45
12492,Terminator 3: The Redemption,XB,2004,Shooter,Atari,0.05,0.01,0.0,0.0,0.06
1627,Bayonetta,PS3,2009,Action,Sega,0.44,0.41,0.21,0.17,1.23
16587,Bust-A-Move 3000,GC,2003,Puzzle,Ubisoft,0.01,0.0,0.0,0.0,0.01
6046,Just Dance Wii 2,Wii,2012,Misc,Nintendo,0.0,0.0,0.29,0.0,0.29
1260,Madden NFL 2001,PS2,2000,Sports,Electronic Arts,1.19,0.07,0.05,0.2,1.5
3072,Rocksmith 2014,PC,2013,Misc,Ubisoft,0.35,0.24,0.0,0.07,0.66
10804,Bladestorm: The Hundred Years' War,X360,2007,Action,Tecmo Koei,0.08,0.01,0.0,0.01,0.1
9094,Okami,PS3,2012,Action,Capcom,0.0,0.0,0.14,0.0,0.14
5376,MotorStorm: Arctic Edge,PS2,2009,Racing,Sony Computer Entertainment,0.07,0.03,0.0,0.25,0.34
13828,Draglade (JP sales),DS,2007,Fighting,505 Games,0.0,0.0,0.04,0.0,0.04
3813,Batman: Arkham Origins Blackgate,PSV,2013,Action,Warner Bros. Interactive Entertainment,0.2,0.2,0.0,0.13,0.53
1475,Tony Hawk's Pro Skater,GB,2000,Sports,Activision,0.9,0.38,0.01,0.05,1.33
9396,MLB 11: The Show,PS2,2011,Sports,Sony Computer Entertainment,0.06,0.05,0.0,0.02,0.13
4434,Tiger Woods PGA Tour 2003,XB,2002,Sports,Electronic Arts,0.35,0.08,0.0,0.01,0.44
899,Red Faction,PS2,2001,Shooter,THQ,0.76,0.96,0.0,0.2,1.92
5724,FIFA Street,PS2,2005,Sports,Electronic Arts,0.15,0.12,0.0,0.04,0.31
8865,Space Station Silicon Valley,N64,1997,Adventure,Take-Two Interactive,0.12,0.03,0.0,0.0,0.15
13862,Mobile Suit Gundam: Mokuba no Kiseki,PSP,2012,Action,Namco Bandai Games,0.0,0.0,0.04,0.0,0.04
4098,Millipede,2600,1983,Shooter,Atari,0.45,0.03,0.0,0.01,0.48
6410,Megamind: The Blue Defender,DS,2010,Adventure,THQ,0.19,0.05,0.0,0.02,0.27
13052,Sherlock Holmes: Crimes & Punishments,PC,2014,Adventure,Focus Home Interactive,0.0,0.05,0.0,0.0,0.05
12874,Carve,XB,2004,Racing,Global Star,0.04,0.01,0.0,0.0,0.05
12329,Order Up!!,PS3,2011,Action,Funbox Media,0.04,0.01,0.0,0.01,0.06
13936,Evolution Skateboarding,GC,2002,Sports,Konami Digital Entertainment,0.03,0.01,0.0,0.0,0.04
8789,Bigfoot: Collision Course,DS,2009,Racing,Zoo Digital Publishing,0.14,0.0,0.0,0.01,0.15
8433,NASCAR '15,X360,2015,Sports,Deep Silver,0.15,0.0,0.0,0.02,0.17
4366,Rampage World Tour,N64,1998,Action,GT Interactive,0.36,0.08,0.0,0.01,0.45
4699,World Soccer Jikkyou Winning Eleven 2000: U-23 Medal heno Chousen,PS,2000,Sports,Konami Digital Entertainment,0.0,0.0,0.39,0.03,0.41
5644,Karaoke Revolution Volume 3,PS2,2004,Misc,Konami Digital Entertainment,0.16,0.12,0.0,0.04,0.32
7976,Harry Potter: Quidditch World Cup,XB,2003,Sports,Electronic Arts,0.14,0.04,0.0,0.01,0.19
14105,Adventure Time: Explore the Dungeon Because I Don't Know!,WiiU,2013,Action,D3Publisher,0.02,0.01,0.0,0.0,0.03
4870,SD Gundam G Generation Seed,PS2,2004,Strategy,Namco Bandai Games,0.0,0.0,0.4,0.0,0.4
13057,Battle vs. Chess,PS3,N/A,Misc,TopWare Interactive,0.0,0.04,0.0,0.01,0.05
832,Dance Central 2,X360,2011,Misc,Microsoft Game Studios,1.45,0.42,0.01,0.16,2.04
3685,American Idol,PS2,2003,Misc,Codemasters,0.27,0.21,0.0,0.07,0.55
5698,LEGO Marvel's Avengers,PS3,2016,Action,Warner Bros. Interactive Entertainment,0.1,0.17,0.0,0.05,0.32
12865,Marc Ecko's Getting Up: Contents Under Pressure,PS2,2006,Action,Atari,0.03,0.02,0.0,0.01,0.05
11626,Skeleton Warriors,PS,1996,Platform,Virgin Interactive,0.04,0.03,0.0,0.01,0.08
10395,Toukiden 2,PSV,2016,Action,Tecmo Koei,0.0,0.0,0.11,0.0,0.11
14809,Cake Mania: Baker's Challenge,PS2,2008,Puzzle,Destineer,0.01,0.01,0.0,0.0,0.03
12305,Sprung - A Game Where Everyone Scores,DS,2004,Adventure,Ubisoft,0.06,0.0,0.0,0.0,0.06
5390,The Urbz: Sims in the City,XB,2004,Simulation,Electronic Arts,0.22,0.11,0.0,0.01,0.34
15114,Neo Angelique,PS2,2006,Adventure,Tecmo Koei,0.0,0.0,0.02,0.0,0.02
14895,Mahou Sensei Negima! Private Lesson 2: Ojama Shimasu Parasite de Chu,GBA,2006,Role-Playing,Marvelous Interactive,0.0,0.0,0.02,0.0,0.03
10268,Sonic Generations,PC,2011,Platform,Sega,0.02,0.07,0.0,0.02,0.11
7824,Dave Mirra Freestyle BMX 2,GBA,2001,Sports,Acclaim Entertainment,0.14,0.05,0.0,0.0,0.19
13641,Amnesia,PSP,2011,Adventure,Idea Factory,0.0,0.0,0.04,0.0,0.04
4738,Winter Sports 2: The Next Challenge,Wii,2008,Sports,RTL,0.18,0.19,0.0,0.04,0.41
11921,Monster Rancher Battle Card: Episode II,PS,2000,Action,Tecmo Koei,0.04,0.03,0.0,0.0,0.07
13382,Intellivision Lives!,XB,2004,Misc,Crave Entertainment,0.03,0.01,0.0,0.0,0.05
15321,Nisenochigiri,PSP,2010,Adventure,Idea Factory,0.0,0.0,0.02,0.0,0.02
1366,Inazuma Eleven 2,DS,2009,Role-Playing,Nintendo,0.0,0.21,1.18,0.03,1.42
2199,Star Fox 64 3D,3DS,2011,Shooter,Nintendo,0.48,0.27,0.13,0.07,0.94
3336,Tony Hawk's Underground,GBA,2003,Sports,Activision,0.43,0.16,0.0,0.01,0.6
7109,.hack//G.U. Vol.2//Reminisce,PS2,2006,Role-Playing,Namco Bandai Games,0.11,0.09,0.0,0.03,0.23
11245,Build 'n Race,Wii,2009,Racing,Zoo Games,0.08,0.0,0.0,0.01,0.09
9584,Dynasty Warriors 5 Empires,X360,2006,Action,Tecmo Koei,0.11,0.01,0.0,0.01,0.13
142,Gears of War,X360,2006,Shooter,Microsoft Game Studios,3.54,1.9,0.07,0.6,6.11
14545,Disney's Aladdin,GBA,2003,Platform,Capcom,0.02,0.01,0.0,0.0,0.03
11950,Metal Gear Solid,GB,2000,Action,Konami Digital Entertainment,0.0,0.0,0.07,0.0,0.07
12451,Busy Scissors,DS,2010,Simulation,Little Orbit,0.06,0.0,0.0,0.0,0.06
15274,XGRA: Extreme G Racing Association,GC,2003,Racing,Acclaim Entertainment,0.02,0.0,0.0,0.0,0.02
16302,Moe Moe 2-Ji Daisenryaku 2,PSP,2010,Strategy,System Soft,0.0,0.0,0.01,0.0,0.01
10207,Go! Sudoku (JP sales),PSP,2005,Puzzle,Sony Computer Entertainment,0.0,0.0,0.11,0.0,0.11
4663,WWE All Stars,PS3,2011,Fighting,THQ,0.16,0.18,0.0,0.07,0.42
10198,Odama,GC,2006,Misc,Nintendo,0.07,0.02,0.02,0.0,0.11
14436,Nacho Libre,DS,2006,Action,Majesco Entertainment,0.03,0.0,0.0,0.0,0.03
1263,Sonic CD,SCD,1993,Platform,Sega,1.0,0.36,0.09,0.05,1.5
1028,Overwatch,PS4,2016,Shooter,Activision,0.64,0.68,0.14,0.26,1.73
15596,Gallop Racer Inbreed,PS2,2006,Sports,Tecmo Koei,0.0,0.0,0.02,0.0,0.02
8408,Naval Assault: The Killing Tide,X360,2010,Simulation,505 Games,0.08,0.07,0.0,0.02,0.17
5666,Monster Lab,Wii,2008,Role-Playing,Eidos Interactive,0.28,0.02,0.0,0.02,0.32
9071,Monster Lab,DS,2008,Role-Playing,Eidos Interactive,0.12,0.01,0.0,0.01,0.14
14936,Pharaoh,PC,1998,Strategy,Vivendi Games,0.0,0.02,0.0,0.0,0.02
786,Mortal Kombat,X360,2011,Fighting,Warner Bros. Interactive Entertainment,1.63,0.33,0.0,0.15,2.11
2714,Assassin's Creed: Revelations,PC,2011,Action,Ubisoft,0.14,0.48,0.0,0.14,0.76
13515,Chou Gekijoban Keroro Gunsou: Gekishin Dragon Warriors de Arimasu!,DS,2009,Action,Namco Bandai Games,0.0,0.0,0.04,0.0,0.04
5193,Hamtaro: Ham-Ham Heartbreak,GBA,2002,Action,Nintendo,0.26,0.1,0.0,0.01,0.36
2723,True Crime: New York City,PS2,2005,Action,Activision,0.57,0.02,0.07,0.09,0.76
299,Golf,NES,1984,Sports,Nintendo,1.22,0.28,2.46,0.04,4.01
9441,Soccer Tsuku DS: World Challenge 2010,DS,2010,Sports,Sega,0.0,0.0,0.13,0.0,0.13
1278,Bratz: Forever Diamondz,DS,2006,Adventure,THQ,0.43,0.88,0.0,0.18,1.48
9111,Top Spin 3,DS,2008,Action,D3Publisher,0.11,0.02,0.0,0.01,0.14
3957,Pro Evolution Soccer 2012,X360,2011,Action,Konami Digital Entertainment,0.1,0.34,0.0,0.07,0.5
2557,NCAA Football 10,PS3,2009,Sports,Electronic Arts,0.75,0.0,0.0,0.06,0.81
1739,Destiny: The Taken King,XOne,2015,Shooter,Activision,0.82,0.23,0.0,0.11,1.17
3807,Are You Smarter Than A 5th Grader?,DS,2007,Misc,Mindscape,0.48,0.0,0.0,0.04,0.53
8955,Medal of Honor: Infiltrator,GBA,2003,Shooter,Electronic Arts,0.11,0.04,0.0,0.0,0.15
2882,Scooby-Doo 2: Monsters Unleashed,GBA,2004,Action,THQ,0.51,0.19,0.0,0.01,0.71
3540,Dynasty Warriors 5: Xtreme Legends,PS2,2005,Action,Tecmo Koei,0.11,0.08,0.35,0.03,0.57
2506,James Bond 007: Nightfire,XB,2002,Shooter,Electronic Arts,0.58,0.22,0.0,0.03,0.82
4318,Jikkyou Powerful Pro Yakyuu 3,SNES,1996,Sports,Konami Digital Entertainment,0.0,0.0,0.45,0.0,0.45
16267,Sengoku Hime 2 Arashi: Hyakubana Senran Tatsukaze no Gotoku,PSP,2010,Strategy,System Soft,0.0,0.0,0.01,0.0,0.01
5317,Xbox Music Mixer,XB,2003,Misc,Microsoft Game Studios,0.26,0.08,0.0,0.01,0.35
1565,.hack//Infection Part 1,PS2,2002,Role-Playing,Atari,0.49,0.38,0.26,0.13,1.27
14018,Challenge Me: Word Puzzles,DS,2011,Puzzle,O-Games,0.03,0.0,0.0,0.0,0.04
15732,Goblin Commander: Unleash the Horde,GC,2003,Strategy,Jaleco,0.01,0.0,0.0,0.0,0.02
4047,FIFA Soccer 64,N64,1997,Sports,Electronic Arts,0.16,0.3,0.0,0.03,0.49
8292,Ringling Bros. and Barnum & Bailey: Circus Friends,DS,2009,Action,Take-Two Interactive,0.16,0.0,0.0,0.01,0.17
1595,RollerCoaster Tycoon 2,PC,2002,Strategy,Atari,1.19,0.05,0.0,0.0,1.25
1765,Gauntlet: Dark Legacy,PS2,2001,Action,Midway Games,0.56,0.44,0.0,0.15,1.15
4507,Trials Fusion,PS4,2014,Racing,Ubisoft,0.13,0.21,0.01,0.08,0.43
5150,Xenosaga Episode III: Also sprach Zarathustra,PS2,2006,Role-Playing,Namco Bandai Games,0.09,0.07,0.18,0.02,0.37
1294,Chrono Trigger,DS,2008,Role-Playing,Square Enix,0.69,0.2,0.49,0.09,1.47
15051,Total Immersion Racing,XB,2002,Racing,Empire Interactive,0.02,0.01,0.0,0.0,0.02
5699,Virtua Striker 2,DC,1999,Sports,Sega,0.0,0.0,0.32,0.0,0.32
3861,Gun,XB,2005,Shooter,Activision,0.38,0.12,0.0,0.02,0.52
15897,Antz Extreme Racing,XB,2002,Racing,Empire Interactive,0.01,0.0,0.0,0.0,0.02
16363,Shirahana no Ori: Hiiro no Kakera 4 - Shiki no Uta,PSP,2013,Adventure,Idea Factory,0.0,0.0,0.01,0.0,0.01
12833,Final Fight: Streetwise,PS2,2006,Action,Capcom,0.03,0.02,0.0,0.01,0.05
9784,Dance Paradise,X360,2010,Misc,Mindscape,0.1,0.01,0.0,0.01,0.12
14133,NHRA Drag Racing: Countdown to the Championship,PSP,2007,Racing,THQ,0.03,0.0,0.0,0.0,0.03
3802,Front Mission 2,PS,1997,Strategy,SquareSoft,0.0,0.0,0.49,0.03,0.53
13503,Dark Arena,GBA,2002,Shooter,THQ,0.03,0.01,0.0,0.0,0.04
9188,Tim Burton's The Nightmare Before Christmas: The Pumpkin King,GBA,2005,Platform,Disney Interactive Studios,0.1,0.04,0.0,0.0,0.14
1721,Your Shape: Fitness Evolved 2012,X360,2011,Sports,Ubisoft,0.7,0.37,0.0,0.1,1.17
12979,Mr Bean's Wacky World of Wii,Wii,2009,Adventure,Blast! Entertainment Ltd,0.0,0.05,0.0,0.0,0.05
4760,Naughty Bear,X360,2010,Action,505 Games,0.21,0.16,0.0,0.04,0.41
13340,Supreme Commander,PC,2007,Strategy,THQ,0.0,0.04,0.0,0.01,0.05
14010,Beatdown: Fists of Vengeance,XB,2005,Action,Capcom,0.03,0.01,0.0,0.0,0.04
13722,Summer Challenge: Athletics Tournament,PS3,2011,Sports,PQube,0.0,0.03,0.0,0.01,0.04
5385,LEGO Marvel's Avengers,X360,2016,Action,Warner Bros. Interactive Entertainment,0.17,0.15,0.0,0.03,0.34
14845,Last Escort 2: Shinya no Amai Toge,PS2,2008,Adventure,D3Publisher,0.0,0.0,0.03,0.0,0.03
11930,Mahjong Fight Club DS: Wi-Fi Taiou,DS,2006,Misc,Konami Digital Entertainment,0.0,0.0,0.07,0.0,0.07
995,Def Jam: Fight for NY,PS2,2004,Fighting,Electronic Arts,0.86,0.67,0.0,0.22,1.76
6838,Ben 10 Ultimate Alien: Cosmic Destruction,PSP,2010,Platform,D3Publisher,0.1,0.09,0.0,0.05,0.24
15827,A Vampyre Story,PC,2008,Adventure,Crimson Cow,0.0,0.01,0.0,0.0,0.02
4630,Wolfenstein: The Old Blood,PS4,2015,Action,Bethesda Softworks,0.09,0.25,0.02,0.06,0.42
5701,Dragon Ball: XenoVerse,XOne,2015,Fighting,Namco Bandai Games,0.18,0.11,0.0,0.03,0.31
4111,OkamiDen,DS,2010,Adventure,Capcom,0.25,0.07,0.13,0.03,0.48
15265,Higurashi Daybreak Portable Mega Edition,PSP,2009,Adventure,Alchemist,0.0,0.0,0.02,0.0,0.02
9228,NBA 2K13,WiiU,2012,Sports,Take-Two Interactive,0.08,0.04,0.0,0.01,0.14
3817,Picross 3D,DS,2009,Puzzle,Nintendo,0.3,0.03,0.16,0.03,0.53
4581,The Sims,XB,2003,Simulation,Electronic Arts,0.31,0.1,0.0,0.01,0.42
13116,Dual Heroes,N64,1997,Fighting,Hudson Soft,0.04,0.01,0.0,0.0,0.05
1798,LEGO Star Wars: The Video Game,GBA,2005,Action,Eidos Interactive,0.82,0.3,0.0,0.02,1.14
14074,Tao Adventure: Curse Demon,DS,2005,Role-Playing,Konami Digital Entertainment,0.03,0.0,0.0,0.0,0.04
842,Dead Space,PS3,2008,Action,Electronic Arts,1.05,0.67,0.0,0.3,2.02
9458,Naruto Shippuden: Kizuna Drive,PSP,2010,Action,Namco Bandai Games,0.04,0.02,0.05,0.02,0.13
3079,The Sims: Bustin' Out,GC,2003,Simulation,Electronic Arts,0.43,0.2,0.0,0.03,0.66
7845,Death Jr.,PSP,2005,Platform,Konami Digital Entertainment,0.17,0.0,0.0,0.01,0.19
9515,Whiplash,PS2,2003,Racing,Eidos Interactive,0.06,0.05,0.0,0.02,0.13
11938,Magi: The Labyrinth of Beginning,3DS,2013,Role-Playing,Namco Bandai Games,0.0,0.0,0.07,0.0,0.07
15718,Franklin: A Birthday Surprise,PS2,2006,Misc,Game Factory,0.01,0.01,0.0,0.0,0.02
815,Need for Speed: ProStreet,X360,2007,Racing,Electronic Arts,1.04,0.8,0.01,0.22,2.06
13312,Kakuto Chojin,XB,2002,Fighting,Microsoft Game Studios,0.04,0.01,0.0,0.0,0.05
10821,Playboy: The Mansion,XB,2005,Simulation,Ubisoft,0.07,0.02,0.0,0.0,0.09
12457,Big Bang Mini,DS,2009,Shooter,SouthPeak Games,0.05,0.0,0.0,0.0,0.06
15585,MotoGP 14,PSV,2014,Racing,Milestone S.r.l.,0.0,0.01,0.0,0.0,0.02
2384,Tom Clancy's Ghost Recon: Island Thunder,XB,2003,Shooter,Ubisoft,0.61,0.24,0.0,0.03,0.87
1217,MVP Baseball 2005,PS2,2005,Sports,Electronic Arts,1.26,0.07,0.0,0.21,1.54
6636,Happy Feet,GC,2006,Action,Midway Games,0.2,0.05,0.0,0.01,0.25
10449,Motocross Mania 3,PS2,2004,Racing,Take-Two Interactive,0.05,0.04,0.0,0.01,0.1
11200,The Penguins of Madagascar: Dr. Blowhole Returns - Again!,Wii,2011,Action,THQ,0.05,0.03,0.0,0.01,0.09
8185,ESPN X Games Skateboarding,GBA,2001,Sports,Konami Digital Entertainment,0.13,0.05,0.0,0.0,0.18
3837,Syphon Filter 3,PS,2001,Shooter,Sony Computer Entertainment,0.29,0.2,0.0,0.03,0.52
5077,Dragon Ball Z: Attack of the Saiyans,DS,2009,Role-Playing,Namco Bandai Games,0.13,0.02,0.21,0.01,0.38
8632,Just Dance: Disney Party,X360,2012,Misc,Ubisoft,0.13,0.02,0.0,0.01,0.16
7456,Dragon Ball Z: Harukanaru Densetsu,DS,2007,Role-Playing,Namco Bandai Games,0.19,0.0,0.0,0.02,0.21
13727,Hanaoni: Yume no Tsudzuki,PSP,2012,Action,Idea Factory,0.0,0.0,0.04,0.0,0.04
2033,Petz: Catz 2,DS,2007,Simulation,Ubisoft,0.51,0.4,0.0,0.11,1.02
16207,Ro-Kyu-Bu! Secret Photo Op,PSV,2014,Adventure,Kadokawa Games,0.0,0.0,0.01,0.0,0.01
16450,Legacy of Kain: Defiance,PC,2003,Action,Eidos Interactive,0.0,0.01,0.0,0.0,0.01
10287,Defender,GC,2002,Misc,Midway Games,0.08,0.02,0.0,0.0,0.11
14036,J-League Pro Striker 2,GEN,1994,Sports,Sega,0.0,0.0,0.04,0.0,0.04
1990,Guinness World Records: The Videogame,Wii,2008,Action,Warner Bros. Interactive Entertainment,0.46,0.47,0.0,0.11,1.04
2014,EA Sports UFC,PS4,2014,Sports,Electronic Arts,0.46,0.4,0.01,0.17,1.04
4845,Rampage: Total Destruction,GC,2006,Action,Midway Games,0.31,0.08,0.0,0.01,0.4
12046,Dream Dance & Cheer,Wii,2009,Misc,Zoo Games,0.06,0.0,0.0,0.0,0.07
14437,StormLover,PSP,2010,Adventure,D3Publisher,0.0,0.0,0.03,0.0,0.03
8088,Backbreaker,X360,N/A,Sports,Unknown,0.17,0.0,0.0,0.01,0.18
14602,Doom,PC,1992,Shooter,id Software,0.02,0.0,0.0,0.0,0.03
9510,Last Bronx,SAT,1996,Fighting,Sega,0.0,0.0,0.13,0.0,0.13
13875,Gundam Battle Online,DC,2001,Action,Namco Bandai Games,0.0,0.0,0.04,0.0,0.04
13716,OutRun 2006: Coast 2 Coast,PSP,2006,Racing,Sega,0.03,0.01,0.0,0.01,0.04
14687,Safari Adventures: Africa,DS,2008,Adventure,Neko Entertainment,0.03,0.0,0.0,0.0,0.03
7737,DiRT Showdown,PS3,2012,Racing,Codemasters,0.02,0.13,0.0,0.04,0.19
12841,Minna to Kimi no Piramekino!,DS,2010,Misc,Namco Bandai Games,0.0,0.0,0.05,0.0,0.05
3799,X-Men Legends,GC,2004,Role-Playing,Activision,0.41,0.11,0.0,0.01,0.53
2678,My Baby Girl,DS,2008,Simulation,Nobilis,0.61,0.1,0.0,0.06,0.77
14693,TV Total Events,Wii,2011,Misc,7G//AMES,0.0,0.02,0.0,0.0,0.03
3300,Cooking Mama 4: Kitchen Magic!,3DS,2011,Simulation,505 Games,0.5,0.07,0.0,0.04,0.61
10663,Marvel Super Hero Squad: The Infinity Gauntlet,3DS,2011,Action,THQ,0.07,0.02,0.0,0.01,0.1
3385,Hot Wheels: Stunt Track Challenge,PS2,2004,Racing,THQ,0.29,0.23,0.0,0.08,0.59
14403,Boot Camp Academy,Wii,2010,Action,Zoo Games,0.03,0.0,0.0,0.0,0.03
15359,Daikaijuu Battle: Ultra Coliseum,Wii,2008,Fighting,Namco Bandai Games,0.0,0.0,0.02,0.0,0.02
10201,Mobile Light Force 2,PS2,2002,Shooter,Taito,0.05,0.04,0.0,0.01,0.11
3867,Kenkou Ouen Recipe 1000: DS Kondate Zenshuu,DS,2006,Misc,Nintendo,0.0,0.0,0.52,0.0,0.52
12559,JoJo's Bizarre Adventure: All Star Battle,3DS,2012,Fighting,Take-Two Interactive,0.06,0.0,0.0,0.0,0.06
15445,Legend of Kay Anniversary,PS4,2015,Action,Nordic Games,0.0,0.02,0.0,0.0,0.02
2977,Star Wars: Masters of Teras Kasi,PS,1997,Action,LucasArts,0.38,0.26,0.0,0.04,0.68
5630,Prince of Persia: The Sands of Time,GC,2003,Action,Ubisoft,0.25,0.06,0.0,0.01,0.32
5016,ESPN Extreme Games,PS,1994,Sports,Sony Computer Entertainment,0.11,0.08,0.17,0.03,0.38
14799,Guild Wars,PC,2005,Role-Playing,NCSoft,0.02,0.0,0.0,0.0,0.03
11426,Toukiden 2,PS4,2016,Action,Tecmo Koei,0.0,0.0,0.08,0.0,0.08
2404,Vagrant Story,PS,2000,Role-Playing,Crave Entertainment,0.3,0.2,0.3,0.06,0.87
3097,NHL 13,PS3,2012,Sports,Electronic Arts,0.33,0.22,0.0,0.1,0.65
14887,LEGO Pirates of the Caribbean: The Video Game,PC,2011,Action,Disney Interactive Studios,0.02,0.0,0.0,0.0,0.03
11804,Bomberman Max 2: Red Advance,GBA,2002,Puzzle,Vivendi Games,0.05,0.02,0.0,0.0,0.07
9211,Jikkyou Powerful Pro Yakyuu Wii,Wii,2007,Sports,Konami Digital Entertainment,0.0,0.0,0.14,0.0,0.14
15733,Super Speed Machines,DS,2009,Racing,Midas Interactive Entertainment,0.02,0.0,0.0,0.0,0.02
14474,Armored Core SL: Silent Line Portable,PSP,2009,Simulation,From Software,0.0,0.0,0.03,0.0,0.03
10508,Astro Boy: The Video Game,DS,2009,Action,D3Publisher,0.09,0.0,0.0,0.01,0.1
3935,Rory McIlroy PGA Tour,PS4,2015,Action,Electronic Arts,0.18,0.24,0.0,0.08,0.51
2948,Shrek the Third,X360,2007,Action,Activision,0.54,0.1,0.0,0.06,0.69
13243,J-League '96 Dream Stadium,SNES,1996,Sports,Hudson Soft,0.0,0.0,0.05,0.0,0.05
3695,FIFA Soccer 07,XB,2006,Sports,Electronic Arts,0.16,0.35,0.0,0.04,0.54
9360,Freddi Fish: ABC under the sea,DS,2008,Misc,Atari,0.13,0.0,0.0,0.01,0.13
4851,Diner Dash: Sizzle & Serve,DS,2007,Puzzle,Eidos Interactive,0.34,0.03,0.0,0.03,0.4
15104,Crazy Machines,Wii,2010,Puzzle,DTP Entertainment,0.01,0.01,0.0,0.0,0.02
1239,Mafia II,PS3,2010,Action,Take-Two Interactive,0.5,0.72,0.04,0.26,1.52
1429,Gradius,NES,1986,Shooter,Konami Digital Entertainment,0.27,0.08,1.0,0.01,1.36
16567,Original Frisbee Disc Sports: Ultimate & Golf,DS,2007,Action,"Destination Software, Inc",0.01,0.0,0.0,0.0,0.01
10109,Invizimals: The Lost Tribes,PSP,2011,Action,Sony Computer Entertainment,0.0,0.08,0.0,0.04,0.11
11764,Momotarou Dentetsu Tag Match: Yuujou - Doryoku - Shouri no Maki!,PSP,2010,Misc,Hudson Soft,0.0,0.0,0.07,0.0,0.07
15111,Ookami to Koushinryou: Omiowataru Kaze,DS,2009,Adventure,ASCII Media Works,0.0,0.0,0.02,0.0,0.02
13655,Gravity Falls: Legend of the Gnome Gemulets,3DS,2015,Action,Ubisoft,0.03,0.0,0.0,0.0,0.04
13773,Dolly Kanon Dokidoki Tokimeki Himitsu no Ongaku Katsudou Start Desu!!,3DS,2014,Adventure,Happinet,0.0,0.0,0.04,0.0,0.04
6767,The Adventures of Tintin: The Game,X360,2011,Action,Ubisoft,0.07,0.14,0.0,0.03,0.25
565,Mortal Kombat,GEN,1992,Fighting,Arena Entertainment,1.95,0.63,0.0,0.09,2.67
3518,Mobile Suit Gundam: Giren no Yabou- Zeon no Keifu,PS,2000,Strategy,Namco Bandai Games,0.0,0.0,0.54,0.04,0.57
12978,PQ2: Practical Intelligence Quotient,PSP,2006,Puzzle,D3Publisher,0.04,0.0,0.0,0.0,0.05
10486,Igor: The Game,Wii,2008,Adventure,CDV Software Entertainment,0.09,0.0,0.0,0.01,0.1
1942,Freekstyle,PS2,2002,Racing,Electronic Arts,0.52,0.41,0.0,0.14,1.06
755,Star Wars: Rogue Squadron,N64,1998,Simulation,Nintendo,1.6,0.46,0.08,0.03,2.17
6723,Netsu Chu! Pro Yakyuu 2002,PS2,2002,Sports,Namco Bandai Games,0.0,0.0,0.25,0.0,0.25
7086,Star Ocean,SNES,1996,Role-Playing,Enix Corporation,0.0,0.0,0.23,0.0,0.23
11981,Wallace & Gromit in Project Zoo,GC,2003,Platform,BAM! Entertainment,0.05,0.01,0.0,0.0,0.07
184,New Super Mario Bros. U,WiiU,2012,Platform,Nintendo,2.32,1.3,1.27,0.31,5.19
1166,Pro Evolution Soccer 2008,PS3,2007,Sports,Konami Digital Entertainment,0.04,1.1,0.32,0.13,1.59
4550,Microsoft Flight Simulator X,PC,2006,Simulation,Microsoft Game Studios,0.02,0.34,0.0,0.07,0.43
1770,Sonic and the Black Knight,Wii,2009,Platform,Sega,0.69,0.35,0.01,0.11,1.15
13058,Phantom Crash,XB,2002,Simulation,Phantagram,0.03,0.01,0.01,0.0,0.05
2287,Minecraft: Story Mode,X360,2015,Adventure,Mojang,0.46,0.38,0.0,0.08,0.91
6180,MLB 07: The Show,PSP,2007,Sports,Sony Computer Entertainment,0.26,0.0,0.0,0.02,0.28
12343,Growlanser IV: Over Reloaded,PSP,2011,Role-Playing,Atlus,0.0,0.0,0.06,0.0,0.06
8738,Burnout 2: Point of Impact,GC,2003,Racing,Acclaim Entertainment,0.12,0.03,0.0,0.0,0.15
5025,NCAA Football 11,PS2,2010,Sports,Electronic Arts,0.19,0.15,0.0,0.05,0.38
15373,Pippa Funnell: Ranch Rescue,Wii,2007,Adventure,Ubisoft,0.0,0.02,0.0,0.0,0.02
13751,Meteos: Disney Magic,DS,2007,Puzzle,Disney Interactive Studios,0.01,0.02,0.0,0.0,0.04
8094,Tokyo Xtreme Racer DRIFT,PS2,2003,Racing,Genki,0.09,0.07,0.0,0.02,0.18
7968,Sega GT 2002,XB,2002,Racing,Sega,0.12,0.03,0.03,0.01,0.19
15859,Storm Lover 2nd,PSP,2013,Misc,D3Publisher,0.0,0.0,0.02,0.0,0.02
6261,Deadpool,PS4,2015,Action,Activision,0.13,0.1,0.0,0.05,0.28
10004,Cabela's Deer Hunt 2005 Season,XB,2004,Sports,Activision,0.09,0.02,0.0,0.0,0.11
15937,Katekyoo Hitman Reborn! DS: Mafia Daishuugou Bongole Festival,DS,2008,Action,Takara Tomy,0.0,0.0,0.02,0.0,0.02
5707,Crash Nitro Kart,XB,2003,Racing,Vivendi Games,0.24,0.07,0.0,0.01,0.31
290,Fallout: New Vegas,X360,2010,Role-Playing,Bethesda Softworks,2.65,1.06,0.04,0.33,4.08
4497,Dora the Explorer: Dora Puppy,DS,2009,Misc,Take-Two Interactive,0.39,0.01,0.0,0.03,0.43
13316,Wii de Asobu Chibi-Robo!,Wii,2009,Adventure,Nintendo,0.0,0.0,0.05,0.0,0.05
16443,Bullet Soul: Tama Tamashii,X360,2011,Shooter,5pb,0.0,0.0,0.01,0.0,0.01
6774,Digimon World: Data Squad,PS2,2006,Role-Playing,Namco Bandai Games,0.12,0.09,0.0,0.03,0.24
10383,Robotics;Notes,PS3,2012,Adventure,5pb,0.0,0.0,0.11,0.0,0.11
4668,X-Men vs. Street Fighter,PS,1997,Fighting,Capcom,0.16,0.11,0.12,0.03,0.42
13823,Burnout Paradise: The Ultimate Box,X360,2009,Racing,Electronic Arts,0.0,0.03,0.0,0.0,0.04
12269,Pirates: The Legend of Black Kat,XB,2002,Adventure,Electronic Arts,0.05,0.01,0.0,0.0,0.06
1470,Rage,PS3,2011,Shooter,Bethesda Softworks,0.47,0.59,0.06,0.21,1.33
6352,Tales of Eternia,PSP,2005,Role-Playing,Ubisoft,0.0,0.01,0.25,0.01,0.27
13984,Hisshou Pachinko*Pachi-Slot Kouryaku Series Vol. 13: Shinseiki Evangelion - Yakusoku no Toki,PS2,2008,Misc,D3Publisher,0.0,0.0,0.04,0.0,0.04
